user_id,user_name,age,gender,email,created_at
1,Hoàng Hữu Việt,29,nam,user_0001@yahoo.com,2025-07-15 06:31:17
2,Lý Khắc Phúc,55,nam,user_0002@gmail.com,2025-06-25 00:09:17
3,Võ Bích Oanh,48,nữ,user_0003@gmail.com,2025-01-01 22:11:17
4,Võ Tuấn Phúc,18,nam,user_0004@icloud.com,2025-02-19 10:21:17
5,Lý Mỹ Nhung,20,nữ,user_0005@outlook.com,2026-02-17 00:57:17
6,Vũ Hữu Phúc,31,nam,user_0006@icloud.com,2025-09-02 09:47:17
7,Huỳnh Gia Huy,39,nam,user_0007@fpt.edu.vn,2025-12-26 00:00:17
8,Lê Văn Cường,18,nam,user_0008@gmail.com,2026-06-19 08:35:17
9,Phạm Minh Quân,53,nam,user_0009@fpt.edu.vn,2025-05-02 22:05:17
10,Nguyễn Mỹ Thảo,43,nữ,user_0010@outlook.com,2026-05-19 22:41:17
11,Phạm Quang Phúc,26,nam,user_0011@yahoo.com,2025-05-03 04:45:17
12,Phạm Văn Việt,23,nam,user_0012@gmail.com,2025-04-26 00:14:17
13,Vũ Quang Quân,43,nam,user_0013@outlook.com,2025-04-16 01:21:17
14,Vũ Khắc Khoa,55,nam,user_0014@yahoo.com,2025-06-06 03:04:17
15,Hồ Minh Khoa,38,nam,user_0015@icloud.com,2026-06-01 03:16:17
16,Dương Tuấn Nam,36,nam,user_0016@outlook.com,2026-01-01 21:07:17
17,Đỗ Mai My,55,nữ,user_0017@icloud.com,2025-05-11 22:50:17
18,Vũ Minh Huy,55,nam,user_0018@icloud.com,2024-12-20 11:05:17
19,Vũ Xuân Huy,40,nam,user_0019@outlook.com,2024-10-19 14:39:17
20,Đỗ Bích Ly,24,nữ,user_0020@icloud.com,2025-03-13 18:49:17
21,Võ Thu Lan,33,nữ,user_0021@gmail.com,2025-05-28 15:32:17
22,Nguyễn Xuân Thắng,48,nam,user_0022@fpt.edu.vn,2025-12-23 09:50:17
23,Lý Ngọc Tiên,41,nữ,user_0023@gmail.com,2026-05-19 07:28:17
24,Đỗ Đức Phong,42,nam,user_0024@yahoo.com,2025-12-28 18:21:17
25,Dương Thanh Vy,31,nữ,user_0025@yahoo.com,2026-03-26 17:03:17
26,Lý Khắc Tuấn,19,nam,user_0026@gmail.com,2025-08-01 13:36:17
27,Lê Hữu Khoa,33,nam,user_0027@icloud.com,2025-05-31 14:05:17
28,Trần Thanh Linh,40,nữ,user_0028@icloud.com,2024-09-01 23:28:17
29,Đặng Quang Long,25,nam,user_0029@fpt.edu.vn,2025-02-16 08:40:17
30,Hồ Phương My,49,nữ,user_0030@icloud.com,2025-10-02 18:03:17
31,Phan Tuấn Phúc,49,nam,user_0031@yahoo.com,2025-01-14 03:18:17
32,Lý Mỹ Hà,45,nữ,user_0032@fpt.edu.vn,2024-08-07 19:10:17
33,Đặng Hữu Nam,19,nam,user_0033@gmail.com,2024-12-29 21:55:17
34,Huỳnh Hữu Cường,24,nam,user_0034@icloud.com,2024-10-29 15:21:17
35,Đặng Khắc Sơn,52,nam,user_0035@yahoo.com,2026-06-20 20:21:17
36,Hoàng Minh Bình,45,nam,user_0036@outlook.com,2024-10-17 13:48:17
37,Vũ Mỹ Trang,18,nữ,user_0037@icloud.com,2024-10-31 02:10:17
38,Phạm Công Sơn,45,nam,user_0038@gmail.com,2026-01-24 18:30:17
39,Đỗ Mỹ Anh,46,nữ,user_0039@fpt.edu.vn,2025-08-11 16:45:17
40,Hồ Kim Hà,24,nữ,user_0040@icloud.com,2024-10-07 02:16:17
41,Đặng Thị Yến,44,nữ,user_0041@fpt.edu.vn,2025-03-22 05:09:17
42,Võ Minh Tuấn,18,nam,user_0042@yahoo.com,2025-05-27 12:38:17
43,Ngô Hải Quân,43,nam,user_0043@yahoo.com,2024-11-12 03:26:17
44,Võ Ngọc Thảo,35,nữ,user_0044@icloud.com,2025-11-19 09:50:17
45,Hoàng Tuấn Khoa,42,nam,user_0045@icloud.com,2025-03-19 09:35:17
46,Nguyễn Quang Sơn,26,nam,user_0046@fpt.edu.vn,2024-06-26 09:34:17
47,Đỗ Mai Vy,39,nữ,user_0047@fpt.edu.vn,2026-01-31 14:28:17
48,Nguyễn Phương Chi,23,nữ,user_0048@fpt.edu.vn,2025-10-08 17:10:17
49,Lê Mỹ Trang,41,nữ,user_0049@outlook.com,2026-02-14 13:26:17
50,Đặng Khắc Khoa,35,nam,user_0050@icloud.com,2025-03-01 01:20:17
51,Dương Thế Phong,53,nam,user_0051@fpt.edu.vn,2024-12-14 00:07:17
52,Phạm Gia Quân,53,nam,user_0052@outlook.com,2025-08-19 15:41:17
53,Hồ Văn Tuấn,27,nam,user_0053@gmail.com,2025-10-03 01:38:17
54,Phạm Thanh Linh,21,nữ,user_0054@icloud.com,2026-03-24 23:10:17
55,Hồ Văn Phong,19,nam,user_0055@fpt.edu.vn,2026-06-08 11:36:17
56,Lê Thu Lan,42,nữ,user_0056@yahoo.com,2024-07-20 00:48:17
57,Hồ Tuấn Nam,53,nam,user_0057@icloud.com,2026-06-17 03:11:17
58,Hoàng Minh Sơn,38,nam,user_0058@yahoo.com,2025-05-04 06:46:17
59,Nguyễn Thanh Tiên,28,nữ,user_0059@icloud.com,2026-04-07 06:53:17
60,Phạm Phương Dung,51,nữ,user_0060@fpt.edu.vn,2024-08-02 14:12:17
61,Phạm Văn Thắng,38,nam,user_0061@fpt.edu.vn,2026-02-06 13:33:17
62,Phan Mỹ Tiên,47,nữ,user_0062@gmail.com,2024-09-01 18:22:17
63,Võ Quang Nam,52,nam,user_0063@icloud.com,2025-12-10 09:14:17
64,Dương Minh Khoa,30,nam,user_0064@outlook.com,2024-07-12 14:23:17
65,Dương Văn Quân,44,nam,user_0065@icloud.com,2025-04-09 05:37:17
66,Vũ Thanh Tiên,34,nữ,user_0066@outlook.com,2025-08-01 00:18:17
67,Đỗ Xuân Cường,42,nam,user_0067@gmail.com,2026-01-02 13:15:17
68,Đỗ Tuấn Khoa,44,nam,user_0068@yahoo.com,2024-07-18 21:29:17
69,Nguyễn Tuấn Khang,36,nam,user_0069@outlook.com,2024-07-29 18:04:17
70,Trần Thu Tiên,30,nữ,user_0070@fpt.edu.vn,2026-02-18 20:27:17
71,Nguyễn Phương Hà,52,nữ,user_0071@fpt.edu.vn,2025-11-05 22:17:17
72,Trần Bích Hà,26,nữ,user_0072@icloud.com,2025-06-10 10:06:17
73,Trần Thế Dũng,29,nam,user_0073@outlook.com,2024-12-01 22:12:17
74,Nguyễn Xuân Thắng,53,nam,user_0074@icloud.com,2026-04-24 11:45:17
75,Hồ Minh Cường,36,nam,user_0075@gmail.com,2026-01-03 06:18:17
76,Lê Phương Linh,53,nữ,user_0076@yahoo.com,2024-11-11 17:36:17
77,Võ Bích Linh,23,nữ,user_0077@icloud.com,2026-02-02 09:03:17
78,Phan Thu Hà,52,nữ,user_0078@gmail.com,2025-09-28 01:15:17
79,Huỳnh Kim Chi,18,nữ,user_0079@fpt.edu.vn,2026-03-17 12:44:17
80,Huỳnh Xuân Nam,44,nam,user_0080@yahoo.com,2025-08-18 06:00:17
81,Hồ Mai Lan,32,nữ,user_0081@yahoo.com,2025-08-09 13:05:17
82,Huỳnh Tuấn Sơn,33,nam,user_0082@fpt.edu.vn,2024-10-25 19:53:17
83,Hồ Thu Dung,20,nữ,user_0083@icloud.com,2026-03-03 16:49:17
84,Hoàng Công Phong,50,nam,user_0084@fpt.edu.vn,2024-10-19 23:52:17
85,Vũ Minh Sơn,43,nam,user_0085@yahoo.com,2025-01-28 06:17:17
86,Võ Quang Dũng,25,nam,user_0086@gmail.com,2026-06-03 12:23:17
87,Vũ Ngọc Hoa,40,nữ,user_0087@gmail.com,2025-11-20 15:14:17
88,Huỳnh Công Thắng,50,nam,user_0088@gmail.com,2026-03-23 02:03:17
89,Huỳnh Khắc Sơn,54,nam,user_0089@fpt.edu.vn,2025-03-31 07:18:17
90,Trần Mỹ My,24,nữ,user_0090@gmail.com,2025-02-11 17:16:17
91,Dương Xuân Bình,44,nam,user_0091@outlook.com,2026-03-19 00:27:17
92,Hồ Đức Khang,35,nam,user_0092@icloud.com,2025-03-07 02:36:17
93,Nguyễn Khắc Tuấn,45,nam,user_0093@fpt.edu.vn,2026-02-15 11:59:17
94,Hoàng Thanh Anh,27,nữ,user_0094@icloud.com,2024-07-04 10:12:17
95,Huỳnh Xuân Tuấn,55,nam,user_0095@yahoo.com,2026-04-08 20:16:17
96,Hồ Kim Trang,31,nữ,user_0096@gmail.com,2026-05-25 22:12:17
97,Lý Hữu An,45,nam,user_0097@icloud.com,2026-04-25 10:42:17
98,Dương Mai Nhung,34,nữ,user_0098@gmail.com,2026-01-29 18:25:17
99,Dương Đức Quân,30,nam,user_0099@icloud.com,2025-11-17 19:09:17
100,Dương Mỹ Vy,20,nữ,user_0100@icloud.com,2024-11-16 10:36:17
101,Đặng Hải An,47,nam,user_0101@gmail.com,2025-10-30 22:04:17
102,Ngô Tuấn An,39,nam,user_0102@gmail.com,2025-04-30 07:34:17
103,Đỗ Gia Phúc,39,nam,user_0103@icloud.com,2024-12-09 05:59:17
104,Nguyễn Minh Khoa,29,nam,user_0104@outlook.com,2024-11-08 15:00:17
105,Phạm Tuấn Quân,31,nam,user_0105@icloud.com,2025-05-18 21:57:17
106,Hồ Khắc Quân,54,nam,user_0106@outlook.com,2025-07-26 17:55:17
107,Nguyễn Mỹ My,18,nữ,user_0107@fpt.edu.vn,2024-06-28 12:12:17
108,Trần Thị Thảo,43,nữ,user_0108@gmail.com,2025-04-29 23:12:17
109,Bùi Kim Tiên,36,nữ,user_0109@gmail.com,2026-04-09 15:59:17
110,Lê Phương Oanh,24,nữ,user_0110@icloud.com,2025-03-16 16:38:17
111,Huỳnh Kim Thảo,18,nữ,user_0111@fpt.edu.vn,2024-08-01 17:58:17
112,Võ Hữu Tuấn,18,nam,user_0112@yahoo.com,2025-06-08 09:01:17
113,Lý Bích Yến,19,nữ,user_0113@fpt.edu.vn,2026-04-28 18:34:17
114,Vũ Gia Long,39,nam,user_0114@yahoo.com,2024-11-29 17:13:17
115,Trần Khắc Tuấn,32,nam,user_0115@icloud.com,2024-10-13 17:19:17
116,Trần Tuấn Phúc,50,nam,user_0116@gmail.com,2025-06-21 22:53:17
117,Ngô Quang Long,20,nam,user_0117@yahoo.com,2024-12-05 21:59:17
118,Đỗ Thị Tiên,25,nữ,user_0118@fpt.edu.vn,2024-10-17 12:40:17
119,Đỗ Bích Hà,41,nữ,user_0119@gmail.com,2025-05-07 19:06:17
120,Lê Quang Bình,50,nam,user_0120@outlook.com,2026-01-26 13:15:17
121,Đỗ Quang Tuấn,51,nam,user_0121@outlook.com,2025-10-08 01:09:17
122,Phạm Thế Việt,31,nam,user_0122@outlook.com,2026-02-11 01:50:17
123,Hoàng Diệu Vy,36,nữ,user_0123@gmail.com,2025-06-06 09:25:17
124,Vũ Thị Chi,26,nữ,user_0124@fpt.edu.vn,2026-06-11 02:55:17
125,Lý Thanh Hà,26,nữ,user_0125@icloud.com,2024-12-10 08:17:17
126,Phạm Công Long,38,nam,user_0126@yahoo.com,2025-04-29 09:03:17
127,Phan Tuấn Quân,51,nam,user_0127@fpt.edu.vn,2025-01-21 11:41:17
128,Vũ Gia Nam,31,nam,user_0128@yahoo.com,2024-11-11 06:23:17
129,Vũ Công Phúc,39,nam,user_0129@fpt.edu.vn,2024-10-28 19:54:17
130,Trần Bích Thảo,31,nữ,user_0130@icloud.com,2025-07-10 17:05:17
131,Đỗ Hữu Thắng,47,nam,user_0131@yahoo.com,2025-07-26 16:47:17
132,Phạm Kim Hà,21,nữ,user_0132@outlook.com,2025-09-04 08:58:17
133,Hoàng Gia Khang,18,nam,user_0133@outlook.com,2026-05-28 11:11:17
134,Lý Kim Linh,50,nữ,user_0134@gmail.com,2025-10-30 17:43:17
135,Lý Kim Linh,44,nữ,user_0135@yahoo.com,2026-06-08 14:45:17
136,Lý Hữu Quân,22,nam,user_0136@gmail.com,2025-07-07 18:25:17
137,Phan Đức Nam,26,nam,user_0137@gmail.com,2025-08-01 21:35:17
138,Phan Tuấn Quân,33,nam,user_0138@outlook.com,2025-04-09 16:12:17
139,Đỗ Bích Chi,31,nữ,user_0139@gmail.com,2026-02-02 17:25:17
140,Vũ Hồng Linh,50,nữ,user_0140@outlook.com,2024-11-23 19:07:17
141,Đặng Văn An,20,nam,user_0141@icloud.com,2025-12-14 23:31:17
142,Đỗ Đức Việt,37,nam,user_0142@gmail.com,2025-12-03 05:08:17
143,Đỗ Hải Bình,34,nam,user_0143@yahoo.com,2026-01-03 15:02:17
144,Lê Thu Trang,50,nữ,user_0144@outlook.com,2025-06-18 10:53:17
145,Hoàng Thanh Linh,23,nữ,user_0145@outlook.com,2024-10-12 05:46:17
146,Bùi Tuấn Khang,23,nam,user_0146@gmail.com,2025-06-25 13:58:17
147,Võ Thu Thảo,30,nữ,user_0147@outlook.com,2026-04-22 22:35:17
148,Dương Khắc Thắng,44,nam,user_0148@yahoo.com,2026-02-23 12:48:17
149,Hoàng Gia Phúc,39,nam,user_0149@outlook.com,2025-01-09 11:08:17
150,Phạm Xuân Thắng,35,nam,user_0150@icloud.com,2026-01-29 06:38:17
151,Nguyễn Mỹ Hà,34,nữ,user_0151@outlook.com,2025-07-12 15:39:17
152,Hoàng Thu Vy,31,nữ,user_0152@gmail.com,2024-11-06 01:38:17
153,Lý Hải An,29,nam,user_0153@outlook.com,2025-09-13 23:41:17
154,Đỗ Thanh Tiên,27,nữ,user_0154@yahoo.com,2025-01-19 23:22:17
155,Vũ Xuân Nam,31,nam,user_0155@fpt.edu.vn,2024-09-22 02:46:17
156,Đỗ Thu Trang,22,nữ,user_0156@icloud.com,2025-05-12 07:31:17
157,Hồ Văn Bình,50,nam,user_0157@outlook.com,2026-04-15 01:37:17
158,Hoàng Thanh My,20,nữ,user_0158@fpt.edu.vn,2025-06-10 11:44:17
159,Hoàng Quỳnh Chi,44,nữ,user_0159@fpt.edu.vn,2026-06-07 12:22:17
160,Bùi Quỳnh Thảo,28,nữ,user_0160@outlook.com,2026-02-04 07:11:17
161,Vũ Hải Khoa,54,nam,user_0161@icloud.com,2025-03-14 06:33:17
162,Đỗ Diệu Vy,50,nữ,user_0162@gmail.com,2025-03-04 13:39:17
163,Nguyễn Hải Phong,33,nam,user_0163@yahoo.com,2025-10-27 09:31:17
164,Vũ Đức Thắng,48,nam,user_0164@yahoo.com,2025-02-16 15:55:17
165,Phạm Văn Cường,23,nam,user_0165@gmail.com,2024-09-16 13:40:17
166,Đỗ Hồng Chi,28,nữ,user_0166@gmail.com,2026-05-31 23:52:17
167,Lê Gia Phúc,49,nam,user_0167@yahoo.com,2024-07-02 11:06:17
168,Đặng Ngọc Tiên,34,nữ,user_0168@yahoo.com,2025-09-19 00:45:17
169,Dương Diệu Vy,27,nữ,user_0169@icloud.com,2024-06-26 03:45:17
170,Hoàng Tuấn Huy,24,nam,user_0170@icloud.com,2025-05-18 11:49:17
171,Hoàng Hải Phúc,35,nam,user_0171@outlook.com,2025-02-25 05:32:17
172,Hồ Quang Phong,53,nam,user_0172@icloud.com,2025-12-16 08:42:17
173,Vũ Mỹ Dung,24,nữ,user_0173@gmail.com,2025-09-13 05:15:17
174,Lê Thị Yến,19,nữ,user_0174@gmail.com,2025-12-26 08:57:17
175,Vũ Hồng Thảo,50,nữ,user_0175@outlook.com,2025-08-19 18:15:17
176,Ngô Thanh Oanh,49,nữ,user_0176@fpt.edu.vn,2024-10-27 10:30:17
177,Dương Quỳnh Lan,20,nữ,user_0177@icloud.com,2025-10-26 10:14:17
178,Lê Hữu Khang,53,nam,user_0178@gmail.com,2025-09-21 09:08:17
179,Dương Hải Huy,24,nam,user_0179@yahoo.com,2026-06-18 23:04:17
180,Phạm Hữu Phúc,52,nam,user_0180@icloud.com,2024-06-27 13:53:17
181,Bùi Minh Thắng,48,nam,user_0181@yahoo.com,2025-03-26 00:37:17
182,Hồ Hữu Thắng,48,nam,user_0182@outlook.com,2025-08-05 08:49:17
183,Phan Diệu Thảo,37,nữ,user_0183@yahoo.com,2024-08-22 04:52:17
184,Ngô Hữu Khang,41,nam,user_0184@gmail.com,2026-03-07 07:12:17
185,Lý Bích Trang,33,nữ,user_0185@outlook.com,2025-08-11 05:37:17
186,Lê Khắc Phúc,38,nam,user_0186@yahoo.com,2026-04-28 00:27:17
187,Huỳnh Mai Yến,39,nữ,user_0187@yahoo.com,2025-12-24 07:27:17
188,Phạm Thu Trang,27,nữ,user_0188@fpt.edu.vn,2024-08-30 01:28:17
189,Đặng Đức Nam,18,nam,user_0189@fpt.edu.vn,2025-09-04 08:43:17
190,Bùi Văn Phúc,37,nam,user_0190@outlook.com,2026-05-11 15:37:17
191,Lý Mai Yến,22,nữ,user_0191@fpt.edu.vn,2024-08-16 04:28:17
192,Lê Thanh Dung,43,nữ,user_0192@yahoo.com,2026-02-05 04:39:17
193,Vũ Xuân Phúc,51,nam,user_0193@yahoo.com,2025-08-06 22:40:17
194,Nguyễn Minh Bình,50,nam,user_0194@yahoo.com,2024-10-31 21:17:17
195,Dương Hồng Vy,40,nữ,user_0195@fpt.edu.vn,2026-01-14 15:21:17
196,Phạm Bích Lan,39,nữ,user_0196@icloud.com,2026-05-31 20:31:17
197,Huỳnh Minh An,37,nam,user_0197@icloud.com,2024-08-01 03:41:17
198,Trần Thế Việt,36,nam,user_0198@outlook.com,2025-05-23 21:49:17
199,Lê Thu Hà,39,nữ,user_0199@gmail.com,2025-10-27 12:50:17
200,Dương Minh Việt,31,nam,user_0200@yahoo.com,2025-03-02 20:12:17
201,Đỗ Phương Chi,39,nữ,user_0201@gmail.com,2025-10-17 06:36:17
202,Huỳnh Thế Tuấn,55,nam,user_0202@outlook.com,2026-03-09 07:44:17
203,Dương Công Tuấn,36,nam,user_0203@icloud.com,2025-09-20 05:03:17
204,Võ Diệu Trang,49,nữ,user_0204@fpt.edu.vn,2024-10-18 01:38:17
205,Trần Mai Vy,42,nữ,user_0205@icloud.com,2026-01-16 11:56:17
206,Huỳnh Khắc Cường,23,nam,user_0206@icloud.com,2025-06-16 23:50:17
207,Hồ Mỹ Ly,30,nữ,user_0207@icloud.com,2026-06-21 17:27:17
208,Hoàng Thị My,51,nữ,user_0208@fpt.edu.vn,2025-12-05 03:43:17
209,Huỳnh Công Cường,37,nam,user_0209@icloud.com,2025-08-28 21:56:17
210,Vũ Mai Anh,31,nữ,user_0210@yahoo.com,2026-06-05 16:38:17
211,Vũ Mỹ Oanh,25,nữ,user_0211@icloud.com,2024-10-07 07:12:17
212,Ngô Hải Sơn,44,nam,user_0212@gmail.com,2025-12-13 18:27:17
213,Lê Công Thắng,22,nam,user_0213@icloud.com,2025-09-19 22:49:17
214,Huỳnh Mỹ Vy,44,nữ,user_0214@yahoo.com,2025-04-25 06:03:17
215,Võ Xuân Việt,30,nam,user_0215@outlook.com,2025-05-04 09:53:17
216,Hồ Đức Sơn,25,nam,user_0216@fpt.edu.vn,2025-04-20 18:36:17
217,Bùi Thế An,34,nam,user_0217@gmail.com,2024-09-13 14:52:17
218,Đặng Hải Quân,29,nam,user_0218@outlook.com,2026-01-31 06:42:17
219,Nguyễn Minh Nam,28,nam,user_0219@fpt.edu.vn,2024-10-05 11:19:17
220,Phan Văn An,49,nam,user_0220@yahoo.com,2025-08-27 04:53:17
221,Lý Gia Long,38,nam,user_0221@gmail.com,2024-10-17 21:41:17
222,Đỗ Bích Yến,34,nữ,user_0222@gmail.com,2025-09-05 11:55:17
223,Vũ Hải Phong,37,nam,user_0223@yahoo.com,2025-11-08 18:03:17
224,Phạm Mỹ Yến,38,nữ,user_0224@gmail.com,2024-10-16 17:29:17
225,Đặng Quang Tuấn,29,nam,user_0225@outlook.com,2025-11-28 19:25:17
226,Phạm Thị Linh,20,nữ,user_0226@icloud.com,2024-12-12 23:43:17
227,Bùi Hồng Hoa,52,nữ,user_0227@icloud.com,2025-10-30 02:58:17
228,Ngô Phương Nhung,30,nữ,user_0228@outlook.com,2025-01-31 14:40:17
229,Lý Gia Long,18,nam,user_0229@fpt.edu.vn,2025-08-02 00:53:17
230,Phạm Diệu Tiên,36,nữ,user_0230@outlook.com,2026-05-15 08:15:17
231,Võ Phương Ly,39,nữ,user_0231@yahoo.com,2025-06-08 22:43:17
232,Trần Phương Thảo,53,nữ,user_0232@gmail.com,2025-01-07 09:27:17
233,Đỗ Phương Lan,26,nữ,user_0233@gmail.com,2025-01-06 04:08:17
234,Trần Khắc Thắng,22,nam,user_0234@icloud.com,2026-04-27 12:53:17
235,Lý Minh Huy,51,nam,user_0235@gmail.com,2024-12-30 01:04:17
236,Ngô Xuân Phong,27,nam,user_0236@icloud.com,2024-08-16 04:42:17
237,Đỗ Hữu Long,39,nam,user_0237@icloud.com,2025-03-15 10:56:17
238,Đặng Thế Phúc,53,nam,user_0238@outlook.com,2024-11-03 20:35:17
239,Bùi Mỹ Hà,49,nữ,user_0239@fpt.edu.vn,2025-05-28 14:44:17
240,Võ Minh Bình,26,nam,user_0240@fpt.edu.vn,2025-01-11 23:46:17
241,Hồ Kim Oanh,45,nữ,user_0241@icloud.com,2025-05-18 01:24:17
242,Nguyễn Mai Yến,34,nữ,user_0242@yahoo.com,2026-06-16 23:54:17
243,Vũ Hữu Sơn,37,nam,user_0243@fpt.edu.vn,2026-02-19 23:35:17
244,Võ Thu Yến,19,nữ,user_0244@icloud.com,2025-09-20 07:19:17
245,Vũ Xuân Khoa,32,nam,user_0245@outlook.com,2026-05-13 07:08:17
246,Hoàng Tuấn Tuấn,53,nam,user_0246@icloud.com,2026-02-21 13:20:17
247,Ngô Tuấn Long,36,nam,user_0247@yahoo.com,2025-01-25 11:42:17
248,Lê Bích Linh,18,nữ,user_0248@yahoo.com,2025-07-05 20:58:17
249,Nguyễn Thế Huy,48,nam,user_0249@outlook.com,2026-04-10 14:40:17
250,Bùi Văn Khoa,38,nam,user_0250@fpt.edu.vn,2025-06-29 06:16:17
251,Phạm Thị Thảo,53,nữ,user_0251@icloud.com,2025-02-11 08:57:17
252,Vũ Văn Tuấn,48,nam,user_0252@icloud.com,2024-11-02 19:32:17
253,Huỳnh Tuấn Huy,33,nam,user_0253@icloud.com,2025-11-29 02:40:17
254,Hồ Thu Hà,47,nữ,user_0254@fpt.edu.vn,2026-03-04 22:34:17
255,Phan Mai My,54,nữ,user_0255@outlook.com,2025-11-05 00:57:17
256,Đỗ Đức Quân,20,nam,user_0256@gmail.com,2026-02-22 04:54:17
257,Đỗ Kim Anh,18,nữ,user_0257@fpt.edu.vn,2025-12-12 00:14:17
258,Phan Hồng Thảo,23,nữ,user_0258@yahoo.com,2025-03-30 13:58:17
259,Đỗ Thanh Vy,42,nữ,user_0259@fpt.edu.vn,2026-04-29 19:23:17
260,Hoàng Ngọc Thảo,28,nữ,user_0260@yahoo.com,2025-12-29 01:52:17
261,Vũ Tuấn Cường,31,nam,user_0261@yahoo.com,2026-05-18 19:24:17
262,Phan Tuấn Sơn,46,nam,user_0262@yahoo.com,2025-02-17 06:58:17
263,Lý Tuấn Nam,49,nam,user_0263@yahoo.com,2025-06-29 05:11:17
264,Ngô Diệu Hoa,48,nữ,user_0264@outlook.com,2026-03-31 06:31:17
265,Nguyễn Diệu Hà,38,nữ,user_0265@icloud.com,2025-05-14 11:41:17
266,Nguyễn Minh Phong,24,nam,user_0266@icloud.com,2025-02-09 07:29:17
267,Đỗ Mỹ Chi,44,nữ,user_0267@gmail.com,2025-03-20 15:26:17
268,Hồ Bích Chi,20,nữ,user_0268@icloud.com,2026-05-06 16:40:17
269,Lý Mỹ Lan,37,nữ,user_0269@gmail.com,2026-04-16 05:31:17
270,Lý Công Long,24,nam,user_0270@icloud.com,2026-06-07 05:25:17
271,Võ Tuấn Phong,18,nam,user_0271@gmail.com,2024-08-22 23:51:17
272,Võ Thu Linh,43,nữ,user_0272@outlook.com,2024-10-19 19:19:17
273,Võ Hải Khoa,53,nam,user_0273@outlook.com,2024-09-04 06:06:17
274,Hồ Công Dũng,52,nam,user_0274@outlook.com,2025-08-28 22:01:17
275,Đặng Quang Thắng,24,nam,user_0275@yahoo.com,2024-07-10 06:23:17
276,Huỳnh Kim Hà,27,nữ,user_0276@gmail.com,2025-10-08 20:14:17
277,Võ Ngọc Anh,54,nữ,user_0277@fpt.edu.vn,2025-09-16 12:52:17
278,Huỳnh Văn Huy,49,nam,user_0278@fpt.edu.vn,2026-03-31 18:40:17
279,Dương Khắc Phong,44,nam,user_0279@outlook.com,2024-11-05 20:29:17
280,Dương Ngọc Ly,19,nữ,user_0280@yahoo.com,2025-09-12 14:11:17
281,Nguyễn Mỹ Tiên,38,nữ,user_0281@yahoo.com,2025-09-17 06:19:17
282,Lý Quang Thắng,28,nam,user_0282@icloud.com,2025-12-19 22:07:17
283,Hoàng Văn Nam,33,nam,user_0283@fpt.edu.vn,2025-05-12 21:34:17
284,Nguyễn Quang Khoa,39,nam,user_0284@icloud.com,2024-09-23 23:54:17
285,Hồ Văn Thắng,47,nam,user_0285@icloud.com,2025-06-19 09:09:17
286,Lê Quang Long,44,nam,user_0286@icloud.com,2024-08-26 04:11:17
287,Ngô Thu Vy,32,nữ,user_0287@fpt.edu.vn,2024-12-23 12:39:17
288,Huỳnh Văn Cường,24,nam,user_0288@outlook.com,2025-03-15 09:32:17
289,Phạm Mai Linh,35,nữ,user_0289@outlook.com,2025-09-23 12:28:17
290,Phạm Minh Tuấn,42,nam,user_0290@gmail.com,2025-05-10 09:54:17
291,Hồ Mỹ Hoa,24,nữ,user_0291@icloud.com,2025-10-08 17:55:17
292,Bùi Xuân Nam,31,nam,user_0292@icloud.com,2024-09-21 23:22:17
293,Hồ Gia Nam,30,nam,user_0293@outlook.com,2026-02-19 06:05:17
294,Lê Hữu Dũng,48,nam,user_0294@fpt.edu.vn,2024-08-02 08:07:17
295,Lý Thế Quân,53,nam,user_0295@icloud.com,2026-05-25 07:09:17
296,Bùi Minh Nam,29,nam,user_0296@outlook.com,2025-12-29 23:52:17
297,Trần Quang Long,35,nam,user_0297@icloud.com,2025-02-07 07:11:17
298,Lý Thị Hà,50,nữ,user_0298@icloud.com,2024-12-17 17:49:17
299,Ngô Xuân Phong,34,nam,user_0299@outlook.com,2025-04-12 19:13:17
300,Hồ Thanh Thảo,28,nữ,user_0300@icloud.com,2026-05-18 19:55:17
301,Nguyễn Thế Thắng,21,nam,user_0301@gmail.com,2025-06-25 08:56:17
302,Lê Thị My,26,nữ,user_0302@yahoo.com,2024-10-25 20:03:17
303,Lê Công Việt,36,nam,user_0303@yahoo.com,2024-09-17 03:42:17
304,Võ Đức An,42,nam,user_0304@gmail.com,2024-12-06 14:25:17
305,Võ Tuấn Bình,54,nam,user_0305@outlook.com,2025-08-16 03:54:17
306,Đỗ Thị Nhung,28,nữ,user_0306@fpt.edu.vn,2025-07-08 10:46:17
307,Hoàng Khắc Việt,38,nam,user_0307@fpt.edu.vn,2024-11-06 13:32:17
308,Hồ Khắc Khoa,28,nam,user_0308@outlook.com,2025-05-04 16:02:17
309,Hoàng Mỹ Vy,22,nữ,user_0309@yahoo.com,2025-04-26 09:27:17
310,Đỗ Hữu Tuấn,25,nam,user_0310@gmail.com,2025-10-28 18:21:17
311,Bùi Văn Khang,33,nam,user_0311@fpt.edu.vn,2025-07-26 05:06:17
312,Trần Văn Bình,40,nam,user_0312@gmail.com,2024-12-07 07:51:17
313,Bùi Mai Hoa,29,nữ,user_0313@outlook.com,2024-08-15 05:23:17
314,Huỳnh Văn Huy,55,nam,user_0314@icloud.com,2024-11-04 10:58:17
315,Đặng Xuân Bình,24,nam,user_0315@gmail.com,2026-06-06 13:37:17
316,Nguyễn Công Dũng,20,nam,user_0316@gmail.com,2024-11-19 13:04:17
317,Nguyễn Minh Quân,18,nam,user_0317@gmail.com,2024-12-27 08:07:17
318,Phạm Tuấn Long,37,nam,user_0318@outlook.com,2025-07-24 14:04:17
319,Trần Mỹ Chi,19,nữ,user_0319@icloud.com,2025-08-26 00:33:17
320,Hoàng Thu My,43,nữ,user_0320@gmail.com,2025-06-20 11:59:17
321,Nguyễn Xuân Phúc,19,nam,user_0321@outlook.com,2026-01-18 07:06:17
322,Phạm Thị Dung,28,nữ,user_0322@icloud.com,2025-10-07 00:15:17
323,Đỗ Hải Huy,55,nam,user_0323@outlook.com,2024-07-28 15:23:17
324,Hồ Quang Thắng,51,nam,user_0324@yahoo.com,2026-04-08 06:31:17
325,Lý Ngọc Hoa,31,nữ,user_0325@yahoo.com,2024-08-27 02:34:17
326,Đặng Thế An,31,nam,user_0326@outlook.com,2025-12-28 13:03:17
327,Bùi Hữu Khang,31,nam,user_0327@gmail.com,2026-01-29 08:59:17
328,Phạm Khắc Quân,35,nam,user_0328@gmail.com,2024-08-05 17:21:17
329,Lê Quang Việt,47,nam,user_0329@icloud.com,2024-12-19 10:02:17
330,Hoàng Ngọc Nhung,18,nữ,user_0330@fpt.edu.vn,2026-02-04 14:19:17
331,Võ Quỳnh Oanh,43,nữ,user_0331@gmail.com,2024-12-31 09:52:17
332,Ngô Mỹ Anh,23,nữ,user_0332@outlook.com,2025-07-06 15:51:17
333,Võ Đức Khoa,48,nam,user_0333@gmail.com,2026-06-12 05:26:17
334,Phạm Ngọc Trang,25,nữ,user_0334@yahoo.com,2024-10-22 16:17:17
335,Trần Hữu Thắng,22,nam,user_0335@icloud.com,2026-01-17 00:16:17
336,Lý Quang Bình,23,nam,user_0336@gmail.com,2025-04-26 03:32:17
337,Ngô Bích Dung,45,nữ,user_0337@gmail.com,2025-06-18 10:31:17
338,Hồ Hồng Hoa,29,nữ,user_0338@outlook.com,2026-02-19 19:41:17
339,Hoàng Thế Sơn,55,nam,user_0339@fpt.edu.vn,2024-09-30 22:03:17
340,Ngô Xuân Sơn,40,nam,user_0340@fpt.edu.vn,2024-11-06 21:24:17
341,Nguyễn Hải Khang,50,nam,user_0341@fpt.edu.vn,2024-06-22 12:54:17
342,Ngô Hữu Nam,46,nam,user_0342@outlook.com,2024-09-10 23:43:17
343,Hoàng Văn Sơn,51,nam,user_0343@icloud.com,2025-07-15 19:51:17
344,Nguyễn Công An,39,nam,user_0344@yahoo.com,2024-07-20 22:58:17
345,Đỗ Thị Lan,50,nữ,user_0345@fpt.edu.vn,2025-09-10 16:07:17
346,Nguyễn Đức Phúc,51,nam,user_0346@yahoo.com,2025-03-08 10:56:17
347,Nguyễn Đức Việt,24,nam,user_0347@fpt.edu.vn,2026-03-01 05:52:17
348,Phạm Ngọc Hoa,44,nữ,user_0348@fpt.edu.vn,2025-11-12 03:26:17
349,Phan Hữu Dũng,37,nam,user_0349@yahoo.com,2025-03-31 23:39:17
350,Lý Diệu Vy,49,nữ,user_0350@yahoo.com,2024-12-26 06:20:17
351,Vũ Tuấn Long,52,nam,user_0351@fpt.edu.vn,2025-03-22 11:43:17
352,Phan Gia Khang,30,nam,user_0352@fpt.edu.vn,2025-06-16 20:03:17
353,Huỳnh Quang Dũng,48,nam,user_0353@fpt.edu.vn,2025-11-30 01:52:17
354,Phạm Diệu Nhung,18,nữ,user_0354@yahoo.com,2026-02-07 12:45:17
355,Vũ Hữu Cường,30,nam,user_0355@yahoo.com,2025-07-01 18:42:17
356,Vũ Hữu Tuấn,37,nam,user_0356@icloud.com,2025-03-02 17:36:17
357,Đỗ Minh Khoa,20,nam,user_0357@icloud.com,2025-11-02 14:59:17
358,Phạm Hữu Long,23,nam,user_0358@gmail.com,2025-07-31 00:42:17
359,Phan Quỳnh Oanh,52,nữ,user_0359@yahoo.com,2025-10-08 06:57:17
360,Dương Xuân Khang,23,nam,user_0360@outlook.com,2025-07-25 10:03:17
361,Bùi Quỳnh Tiên,30,nữ,user_0361@gmail.com,2026-06-19 17:02:17
362,Bùi Hồng Tiên,53,nữ,user_0362@fpt.edu.vn,2026-04-30 19:57:17
363,Phan Hồng Linh,27,nữ,user_0363@icloud.com,2025-09-23 05:09:17
364,Lý Thu Hoa,51,nữ,user_0364@outlook.com,2024-10-19 07:46:17
365,Nguyễn Minh Khang,38,nam,user_0365@gmail.com,2024-09-26 14:27:17
366,Lý Mỹ Nhung,35,nữ,user_0366@fpt.edu.vn,2025-02-26 08:51:17
367,Huỳnh Khắc Tuấn,39,nam,user_0367@gmail.com,2026-06-17 02:35:17
368,Đặng Văn Khang,48,nam,user_0368@yahoo.com,2024-07-20 19:07:17
369,Phạm Phương Yến,29,nữ,user_0369@fpt.edu.vn,2025-02-13 19:17:17
370,Nguyễn Quỳnh Nhung,51,nữ,user_0370@outlook.com,2026-06-11 17:35:17
371,Lê Thanh Lan,22,nữ,user_0371@fpt.edu.vn,2025-01-24 08:10:17
372,Dương Thu Nhung,31,nữ,user_0372@outlook.com,2024-09-21 19:37:17
373,Bùi Hữu Huy,47,nam,user_0373@fpt.edu.vn,2024-08-20 10:42:17
374,Ngô Thế Khoa,38,nam,user_0374@outlook.com,2025-12-25 19:48:17
375,Đặng Hồng Thảo,39,nữ,user_0375@fpt.edu.vn,2025-06-19 11:35:17
376,Hồ Thị Lan,23,nữ,user_0376@yahoo.com,2025-12-11 00:49:17
377,Đặng Phương Hà,55,nữ,user_0377@outlook.com,2026-05-31 06:56:17
378,Nguyễn Ngọc Vy,28,nữ,user_0378@gmail.com,2026-01-14 18:12:17
379,Nguyễn Đức Thắng,19,nam,user_0379@yahoo.com,2026-04-17 05:23:17
380,Vũ Thị Hà,20,nữ,user_0380@icloud.com,2024-12-17 09:45:17
381,Ngô Diệu Chi,21,nữ,user_0381@outlook.com,2025-05-04 16:58:17
382,Phạm Gia Bình,55,nam,user_0382@gmail.com,2026-04-18 12:36:17
383,Lê Minh Long,52,nam,user_0383@gmail.com,2025-06-03 01:22:17
384,Hồ Bích Nhung,48,nữ,user_0384@icloud.com,2025-09-04 07:22:17
385,Nguyễn Quang Phúc,53,nam,user_0385@outlook.com,2024-11-22 08:21:17
386,Dương Hải Bình,19,nam,user_0386@outlook.com,2025-10-22 23:11:17
387,Nguyễn Quỳnh Oanh,38,nữ,user_0387@icloud.com,2025-06-14 07:32:17
388,Ngô Thanh Linh,39,nữ,user_0388@icloud.com,2025-10-09 09:24:17
389,Hoàng Diệu Dung,54,nữ,user_0389@icloud.com,2024-12-13 09:10:17
390,Vũ Ngọc Linh,46,nữ,user_0390@gmail.com,2025-05-20 10:11:17
391,Hoàng Đức Bình,23,nam,user_0391@yahoo.com,2025-06-16 16:37:17
392,Đặng Hữu Cường,38,nam,user_0392@fpt.edu.vn,2026-04-18 11:34:17
393,Hồ Quang Thắng,51,nam,user_0393@fpt.edu.vn,2026-03-14 15:38:17
394,Lê Đức Quân,20,nam,user_0394@fpt.edu.vn,2025-06-17 05:57:17
395,Hoàng Mỹ Thảo,54,nữ,user_0395@icloud.com,2025-03-17 17:01:17
396,Võ Thu Chi,27,nữ,user_0396@fpt.edu.vn,2025-03-03 07:14:17
397,Bùi Bích My,39,nữ,user_0397@icloud.com,2025-09-21 16:20:17
398,Bùi Hồng Thảo,52,nữ,user_0398@fpt.edu.vn,2026-03-13 14:13:17
399,Hoàng Phương Thảo,37,nữ,user_0399@yahoo.com,2026-06-01 20:52:17
400,Dương Tuấn Cường,47,nam,user_0400@yahoo.com,2024-11-04 20:04:17
401,Bùi Thu Linh,30,nữ,user_0401@fpt.edu.vn,2025-02-09 19:11:17
402,Bùi Quang Huy,30,nam,user_0402@icloud.com,2024-08-15 17:59:17
403,Huỳnh Minh Việt,27,nam,user_0403@fpt.edu.vn,2025-06-05 11:24:17
404,Trần Gia Bình,22,nam,user_0404@icloud.com,2025-03-20 04:12:17
405,Bùi Gia Khoa,24,nam,user_0405@icloud.com,2025-03-30 08:48:17
406,Võ Tuấn Dũng,24,nam,user_0406@outlook.com,2025-02-08 15:50:17
407,Lê Văn Long,34,nam,user_0407@outlook.com,2026-04-02 03:16:17
408,Dương Bích Tiên,44,nữ,user_0408@icloud.com,2024-11-02 07:24:17
409,Nguyễn Công Cường,50,nam,user_0409@gmail.com,2026-02-01 08:45:17
410,Lý Văn Nam,33,nam,user_0410@outlook.com,2026-04-19 17:23:17
411,Lê Đức Nam,30,nam,user_0411@gmail.com,2026-01-12 10:34:17
412,Hoàng Khắc Phong,54,nam,user_0412@outlook.com,2024-08-16 12:27:17
413,Phạm Kim Anh,29,nữ,user_0413@icloud.com,2025-02-15 03:51:17
414,Lý Quang Phong,53,nam,user_0414@icloud.com,2026-04-15 15:19:17
415,Huỳnh Hải Dũng,55,nam,user_0415@fpt.edu.vn,2026-03-01 09:09:17
416,Phan Mỹ Oanh,53,nữ,user_0416@yahoo.com,2026-02-11 17:40:17
417,Đặng Khắc Huy,30,nam,user_0417@gmail.com,2026-01-23 18:39:17
418,Đặng Hồng Nhung,37,nữ,user_0418@icloud.com,2025-02-25 14:35:17
419,Lê Quang Thắng,42,nam,user_0419@yahoo.com,2025-03-21 20:03:17
420,Hồ Tuấn Quân,31,nam,user_0420@gmail.com,2025-01-14 10:33:17
421,Dương Đức Sơn,32,nam,user_0421@gmail.com,2025-12-10 22:53:17
422,Nguyễn Hải Khang,18,nam,user_0422@gmail.com,2024-09-02 02:11:17
423,Hồ Công Long,37,nam,user_0423@gmail.com,2025-10-05 13:12:17
424,Lý Quang Quân,25,nam,user_0424@outlook.com,2025-04-24 00:53:17
425,Phan Ngọc Lan,48,nữ,user_0425@fpt.edu.vn,2025-06-08 10:05:17
426,Đỗ Diệu Thảo,48,nữ,user_0426@gmail.com,2026-01-25 06:19:17
427,Phan Phương Oanh,32,nữ,user_0427@yahoo.com,2026-06-03 18:14:17
428,Phạm Khắc Nam,26,nam,user_0428@fpt.edu.vn,2024-12-27 13:14:17
429,Nguyễn Mỹ Oanh,22,nữ,user_0429@outlook.com,2025-06-13 04:23:17
430,Phan Ngọc My,39,nữ,user_0430@outlook.com,2025-09-30 08:05:17
431,Lý Quang Nam,29,nam,user_0431@icloud.com,2025-11-12 21:44:17
432,Võ Gia Cường,41,nam,user_0432@gmail.com,2026-06-09 05:25:17
433,Dương Văn Nam,43,nam,user_0433@yahoo.com,2024-11-27 12:18:17
434,Đỗ Hữu Thắng,23,nam,user_0434@gmail.com,2025-11-04 10:57:17
435,Phan Minh Dũng,42,nam,user_0435@yahoo.com,2026-02-09 12:21:17
436,Nguyễn Xuân Việt,22,nam,user_0436@fpt.edu.vn,2025-07-24 21:54:17
437,Phan Quỳnh Hà,30,nữ,user_0437@outlook.com,2025-12-31 19:51:17
438,Lê Khắc Phúc,53,nam,user_0438@icloud.com,2025-12-15 04:48:17
439,Ngô Mai Thảo,44,nữ,user_0439@yahoo.com,2025-07-24 17:07:17
440,Lê Đức Việt,28,nam,user_0440@outlook.com,2026-05-06 23:04:17
441,Trần Thu Vy,26,nữ,user_0441@yahoo.com,2026-04-05 16:23:17
442,Đỗ Tuấn Quân,43,nam,user_0442@icloud.com,2025-01-16 19:35:17
443,Hồ Mai My,44,nữ,user_0443@fpt.edu.vn,2025-01-12 22:38:17
444,Trần Thanh Hoa,30,nữ,user_0444@outlook.com,2024-09-14 10:52:17
445,Bùi Thị Lan,30,nữ,user_0445@outlook.com,2026-05-07 18:19:17
446,Hồ Ngọc Hoa,25,nữ,user_0446@fpt.edu.vn,2024-07-24 13:59:17
447,Bùi Quang Khang,27,nam,user_0447@outlook.com,2026-05-27 23:30:17
448,Bùi Ngọc Yến,25,nữ,user_0448@fpt.edu.vn,2025-07-31 10:58:17
449,Trần Phương Yến,54,nữ,user_0449@yahoo.com,2025-03-10 02:36:17
450,Huỳnh Kim Thảo,45,nữ,user_0450@fpt.edu.vn,2025-01-17 09:14:17
451,Đỗ Quang Khang,40,nam,user_0451@icloud.com,2024-11-13 08:31:17
452,Nguyễn Tuấn An,41,nam,user_0452@gmail.com,2025-06-01 11:07:17
453,Lê Hữu Khoa,42,nam,user_0453@gmail.com,2026-06-08 06:24:17
454,Lý Bích Yến,53,nữ,user_0454@icloud.com,2025-04-23 08:17:17
455,Huỳnh Phương Ly,47,nữ,user_0455@fpt.edu.vn,2025-08-20 01:54:17
456,Võ Hữu Thắng,24,nam,user_0456@icloud.com,2025-12-20 07:10:17
457,Bùi Công Quân,24,nam,user_0457@yahoo.com,2025-11-21 09:03:17
458,Dương Bích Yến,21,nữ,user_0458@icloud.com,2025-09-27 20:07:17
459,Huỳnh Hồng Thảo,18,nữ,user_0459@fpt.edu.vn,2026-04-11 06:53:17
460,Ngô Văn Việt,52,nam,user_0460@yahoo.com,2025-04-10 04:10:17
461,Võ Công Quân,22,nam,user_0461@yahoo.com,2024-08-04 00:36:17
462,Bùi Ngọc Yến,46,nữ,user_0462@icloud.com,2025-04-15 16:06:17
463,Võ Kim Linh,52,nữ,user_0463@fpt.edu.vn,2025-09-07 23:46:17
464,Phan Xuân An,43,nam,user_0464@fpt.edu.vn,2024-10-28 03:38:17
465,Đặng Hồng Chi,19,nữ,user_0465@icloud.com,2024-10-31 06:11:17
466,Dương Thế Dũng,40,nam,user_0466@icloud.com,2026-05-26 13:19:17
467,Hoàng Công Dũng,32,nam,user_0467@icloud.com,2024-09-01 08:37:17
468,Hồ Công An,47,nam,user_0468@outlook.com,2024-10-14 09:36:17
469,Hồ Thị Anh,45,nữ,user_0469@gmail.com,2025-10-11 11:52:17
470,Hồ Hồng Tiên,24,nữ,user_0470@icloud.com,2026-01-01 11:56:17
471,Bùi Kim Yến,30,nữ,user_0471@outlook.com,2026-01-03 09:55:17
472,Dương Hữu Quân,18,nam,user_0472@fpt.edu.vn,2024-08-20 03:06:17
473,Vũ Minh Phong,36,nam,user_0473@gmail.com,2024-10-13 07:37:17
474,Võ Hồng Chi,39,nữ,user_0474@icloud.com,2025-09-17 00:14:17
475,Đỗ Mai Anh,44,nữ,user_0475@outlook.com,2026-03-11 03:40:17
476,Lê Đức Tuấn,32,nam,user_0476@icloud.com,2025-07-08 00:00:17
477,Đỗ Minh Khoa,28,nam,user_0477@icloud.com,2026-02-24 09:46:17
478,Hồ Văn Thắng,21,nam,user_0478@icloud.com,2025-02-17 13:10:17
479,Dương Văn Khoa,32,nam,user_0479@icloud.com,2025-08-04 02:56:17
480,Hồ Mai Ly,54,nữ,user_0480@gmail.com,2024-12-18 16:58:17
481,Lý Kim Anh,48,nữ,user_0481@outlook.com,2026-03-26 16:47:17
482,Hoàng Xuân Sơn,20,nam,user_0482@icloud.com,2026-05-24 16:07:17
483,Đặng Đức An,31,nam,user_0483@icloud.com,2025-12-23 00:58:17
484,Vũ Tuấn Thắng,32,nam,user_0484@fpt.edu.vn,2026-01-31 22:02:17
485,Vũ Đức Thắng,24,nam,user_0485@icloud.com,2025-04-06 18:03:17
486,Lê Thế Long,18,nam,user_0486@yahoo.com,2024-12-17 04:56:17
487,Phạm Hữu Sơn,42,nam,user_0487@icloud.com,2024-09-17 12:11:17
488,Lý Hồng Trang,29,nữ,user_0488@outlook.com,2025-03-10 08:34:17
489,Nguyễn Phương Chi,51,nữ,user_0489@gmail.com,2025-12-01 09:17:17
490,Phan Minh Long,36,nam,user_0490@fpt.edu.vn,2025-10-09 10:21:17
491,Hoàng Thu Oanh,25,nữ,user_0491@yahoo.com,2024-11-14 04:21:17
492,Võ Khắc Bình,36,nam,user_0492@yahoo.com,2025-06-20 19:42:17
493,Phạm Thế Huy,43,nam,user_0493@icloud.com,2025-12-20 11:37:17
494,Bùi Kim Trang,49,nữ,user_0494@icloud.com,2026-02-28 15:39:17
495,Hoàng Mai Anh,31,nữ,user_0495@outlook.com,2024-09-19 11:11:17
496,Lý Hải An,29,nam,user_0496@yahoo.com,2024-12-18 10:22:17
497,Võ Xuân Huy,23,nam,user_0497@fpt.edu.vn,2026-01-30 15:06:17
498,Lê Bích Lan,23,nữ,user_0498@outlook.com,2026-05-21 14:02:17
499,Đỗ Quang Quân,51,nam,user_0499@gmail.com,2024-08-16 16:05:17
500,Hoàng Thị Tiên,32,nữ,user_0500@outlook.com,2025-09-03 21:17:17
501,Võ Thanh Chi,52,nữ,user_0501@icloud.com,2024-07-02 10:27:17
502,Nguyễn Kim Anh,32,nữ,user_0502@fpt.edu.vn,2026-04-07 01:16:17
503,Võ Thế Khang,18,nam,user_0503@gmail.com,2026-04-07 14:08:17
504,Phạm Phương Linh,18,nữ,user_0504@icloud.com,2025-12-29 04:46:17
505,Nguyễn Minh Dũng,27,nam,user_0505@icloud.com,2024-10-03 10:03:17
506,Phan Thanh Oanh,52,nữ,user_0506@icloud.com,2024-11-21 11:11:17
507,Ngô Công Huy,27,nam,user_0507@fpt.edu.vn,2025-04-04 02:03:17
508,Nguyễn Gia Bình,29,nam,user_0508@fpt.edu.vn,2025-07-15 17:56:17
509,Lý Minh Sơn,39,nam,user_0509@fpt.edu.vn,2026-06-20 19:14:17
510,Đặng Kim Linh,36,nữ,user_0510@gmail.com,2025-12-27 06:47:17
511,Trần Thế Phong,22,nam,user_0511@gmail.com,2025-01-27 21:16:17
512,Dương Thị My,42,nữ,user_0512@gmail.com,2024-10-28 08:16:17
513,Vũ Thế Khoa,54,nam,user_0513@icloud.com,2026-05-09 23:35:17
514,Hoàng Thị Thảo,55,nữ,user_0514@outlook.com,2025-06-26 05:10:17
515,Dương Văn Thắng,49,nam,user_0515@gmail.com,2025-11-26 00:55:17
516,Lý Hồng Hà,53,nữ,user_0516@fpt.edu.vn,2026-03-19 19:55:17
517,Vũ Gia Quân,45,nam,user_0517@yahoo.com,2025-04-24 03:50:17
518,Lê Quang Cường,55,nam,user_0518@gmail.com,2025-08-24 01:52:17
519,Lý Văn Cường,47,nam,user_0519@gmail.com,2025-10-29 16:40:17
520,Đặng Mai Oanh,39,nữ,user_0520@gmail.com,2025-11-04 21:25:17
521,Huỳnh Gia Khang,20,nam,user_0521@yahoo.com,2025-08-30 21:26:17
522,Vũ Hồng Anh,45,nữ,user_0522@yahoo.com,2024-08-28 19:23:17
523,Phạm Kim Linh,52,nữ,user_0523@yahoo.com,2025-07-02 00:34:17
524,Đặng Văn Sơn,44,nam,user_0524@gmail.com,2025-07-12 18:25:17
525,Huỳnh Tuấn Huy,49,nam,user_0525@yahoo.com,2024-07-17 12:17:17
526,Huỳnh Phương Chi,43,nữ,user_0526@fpt.edu.vn,2025-12-13 04:28:17
527,Vũ Mai My,40,nữ,user_0527@yahoo.com,2025-07-14 13:32:17
528,Vũ Gia Khang,36,nam,user_0528@fpt.edu.vn,2025-06-16 04:53:17
529,Võ Quỳnh My,37,nữ,user_0529@icloud.com,2025-01-04 19:21:17
530,Nguyễn Văn Cường,25,nam,user_0530@fpt.edu.vn,2025-01-18 10:34:17
531,Đặng Hữu Bình,33,nam,user_0531@yahoo.com,2025-08-27 08:03:17
532,Hồ Khắc An,35,nam,user_0532@gmail.com,2026-02-23 21:31:17
533,Hồ Thị Tiên,55,nữ,user_0533@outlook.com,2025-03-27 07:16:17
534,Võ Tuấn Khoa,20,nam,user_0534@fpt.edu.vn,2025-12-10 09:57:17
535,Huỳnh Hồng Vy,35,nữ,user_0535@fpt.edu.vn,2026-03-30 06:17:17
536,Bùi Quỳnh Trang,26,nữ,user_0536@gmail.com,2024-08-11 06:07:17
537,Lý Quang Thắng,37,nam,user_0537@outlook.com,2026-01-08 15:34:17
538,Lê Quang Long,26,nam,user_0538@outlook.com,2025-10-06 10:23:17
539,Dương Phương Lan,38,nữ,user_0539@icloud.com,2025-04-05 02:55:17
540,Võ Thu Yến,23,nữ,user_0540@fpt.edu.vn,2024-11-25 16:51:17
541,Võ Hải Việt,23,nam,user_0541@fpt.edu.vn,2024-11-09 17:41:17
542,Huỳnh Hữu Phong,46,nam,user_0542@outlook.com,2025-11-11 04:27:17
543,Nguyễn Đức Khoa,35,nam,user_0543@yahoo.com,2026-02-06 12:34:17
544,Đặng Mai Lan,37,nữ,user_0544@outlook.com,2025-04-23 20:14:17
545,Đỗ Bích Trang,32,nữ,user_0545@fpt.edu.vn,2025-09-10 07:58:17
546,Huỳnh Ngọc Trang,26,nữ,user_0546@yahoo.com,2025-12-08 14:48:17
547,Ngô Hồng Nhung,45,nữ,user_0547@icloud.com,2025-08-02 15:37:17
548,Vũ Đức Việt,51,nam,user_0548@outlook.com,2025-07-13 06:27:17
549,Phan Quang Khang,44,nam,user_0549@fpt.edu.vn,2025-03-20 02:53:17
550,Đỗ Khắc Phúc,29,nam,user_0550@yahoo.com,2025-04-22 10:48:17
551,Phạm Tuấn Tuấn,25,nam,user_0551@icloud.com,2025-09-03 18:04:17
552,Võ Gia Cường,24,nam,user_0552@gmail.com,2024-10-15 11:37:17
553,Đỗ Mỹ Nhung,47,nữ,user_0553@outlook.com,2025-12-07 02:32:17
554,Nguyễn Công Bình,49,nam,user_0554@outlook.com,2025-03-19 09:29:17
555,Lý Diệu Tiên,29,nữ,user_0555@fpt.edu.vn,2025-01-13 19:38:17
556,Phạm Mỹ Chi,50,nữ,user_0556@outlook.com,2026-04-22 23:51:17
557,Lý Văn An,35,nam,user_0557@fpt.edu.vn,2025-11-30 20:15:17
558,Vũ Mỹ Thảo,27,nữ,user_0558@gmail.com,2025-03-28 13:58:17
559,Nguyễn Tuấn Cường,50,nam,user_0559@outlook.com,2026-04-27 10:33:17
560,Phạm Gia Cường,52,nam,user_0560@outlook.com,2025-11-29 06:59:17
561,Phan Gia Khang,25,nam,user_0561@outlook.com,2025-07-01 17:51:17
562,Vũ Thế Cường,55,nam,user_0562@gmail.com,2026-05-01 06:52:17
563,Trần Tuấn Cường,29,nam,user_0563@yahoo.com,2025-07-06 15:42:17
564,Vũ Thu Trang,23,nữ,user_0564@yahoo.com,2024-09-08 04:18:17
565,Huỳnh Diệu Dung,21,nữ,user_0565@fpt.edu.vn,2024-09-24 06:16:17
566,Hồ Khắc Nam,44,nam,user_0566@gmail.com,2024-09-03 15:33:17
567,Đỗ Xuân Phong,47,nam,user_0567@fpt.edu.vn,2026-02-10 09:47:17
568,Phạm Phương Yến,48,nữ,user_0568@fpt.edu.vn,2025-01-03 23:05:17
569,Hoàng Gia Huy,29,nam,user_0569@yahoo.com,2025-08-29 20:37:17
570,Hoàng Văn Phúc,42,nam,user_0570@outlook.com,2025-02-01 23:12:17
571,Huỳnh Hồng Hoa,40,nữ,user_0571@gmail.com,2026-04-01 07:11:17
572,Đỗ Thế Khoa,44,nam,user_0572@gmail.com,2024-08-22 20:53:17
573,Hoàng Thị Nhung,48,nữ,user_0573@yahoo.com,2024-09-26 12:52:17
574,Lý Văn Khang,36,nam,user_0574@gmail.com,2025-06-27 18:07:17
575,Trần Thanh Dung,44,nữ,user_0575@fpt.edu.vn,2025-06-05 10:18:17
576,Nguyễn Hải Sơn,20,nam,user_0576@yahoo.com,2025-11-25 07:59:17
577,Lê Quỳnh Nhung,41,nữ,user_0577@icloud.com,2025-01-09 16:24:17
578,Huỳnh Minh Phong,30,nam,user_0578@yahoo.com,2025-05-10 05:14:17
579,Vũ Khắc Huy,51,nam,user_0579@yahoo.com,2024-11-01 12:18:17
580,Đỗ Minh Khang,47,nam,user_0580@icloud.com,2024-11-17 06:46:17
581,Hồ Xuân Phúc,54,nam,user_0581@outlook.com,2026-05-09 17:44:17
582,Dương Công Khang,45,nam,user_0582@yahoo.com,2025-05-10 06:54:17
583,Võ Văn Việt,37,nam,user_0583@fpt.edu.vn,2026-01-05 21:45:17
584,Lý Gia Khoa,46,nam,user_0584@fpt.edu.vn,2025-05-01 10:57:17
585,Hoàng Hồng Trang,37,nữ,user_0585@gmail.com,2025-07-09 06:10:17
586,Nguyễn Thanh Ly,40,nữ,user_0586@gmail.com,2026-01-07 09:08:17
587,Dương Thế Tuấn,39,nam,user_0587@outlook.com,2025-08-28 21:37:17
588,Vũ Hồng Chi,23,nữ,user_0588@yahoo.com,2025-04-27 18:21:17
589,Vũ Công Quân,47,nam,user_0589@fpt.edu.vn,2025-04-27 21:57:17
590,Lý Bích Yến,48,nữ,user_0590@yahoo.com,2026-06-04 06:32:17
591,Phạm Mai Trang,22,nữ,user_0591@gmail.com,2026-04-21 19:26:17
592,Vũ Khắc Khoa,34,nam,user_0592@gmail.com,2025-11-12 08:04:17
593,Ngô Minh Phúc,42,nam,user_0593@gmail.com,2026-05-19 22:21:17
594,Dương Đức Cường,18,nam,user_0594@icloud.com,2025-09-30 11:51:17
595,Vũ Thế Tuấn,41,nam,user_0595@yahoo.com,2025-06-18 00:24:17
596,Vũ Thu Thảo,33,nữ,user_0596@yahoo.com,2024-10-07 21:08:17
597,Dương Khắc Phong,32,nam,user_0597@gmail.com,2025-05-27 08:17:17
598,Võ Thị Linh,29,nữ,user_0598@yahoo.com,2026-04-26 01:40:17
599,Bùi Bích Thảo,23,nữ,user_0599@gmail.com,2025-05-23 22:31:17
600,Phạm Quỳnh Lan,51,nữ,user_0600@icloud.com,2025-03-14 13:00:17
601,Huỳnh Hồng Yến,43,nữ,user_0601@fpt.edu.vn,2026-05-10 02:51:17
602,Phạm Hải Quân,55,nam,user_0602@yahoo.com,2024-11-08 05:42:17
603,Đặng Mai Ly,26,nữ,user_0603@outlook.com,2025-12-02 23:39:17
604,Trần Hải Khang,21,nam,user_0604@icloud.com,2026-03-17 04:15:17
605,Huỳnh Hồng Hà,55,nữ,user_0605@fpt.edu.vn,2026-04-22 04:04:17
606,Ngô Gia Phong,49,nam,user_0606@yahoo.com,2024-07-03 13:20:17
607,Phạm Tuấn Phúc,45,nam,user_0607@icloud.com,2024-07-05 20:52:17
608,Nguyễn Hữu Huy,42,nam,user_0608@fpt.edu.vn,2026-05-27 15:17:17
609,Ngô Ngọc Hà,33,nữ,user_0609@gmail.com,2026-02-25 18:49:17
610,Lê Thế Phúc,31,nam,user_0610@gmail.com,2025-11-15 00:27:17
611,Đỗ Công Sơn,37,nam,user_0611@outlook.com,2024-08-18 16:24:17
612,Phạm Thanh Chi,38,nữ,user_0612@yahoo.com,2025-10-31 17:51:17
613,Hồ Văn Huy,52,nam,user_0613@yahoo.com,2025-11-02 14:15:17
614,Hồ Bích Lan,52,nữ,user_0614@fpt.edu.vn,2024-10-19 12:54:17
615,Hồ Mai Hoa,55,nữ,user_0615@icloud.com,2025-06-16 19:52:17
616,Hồ Hồng Lan,38,nữ,user_0616@outlook.com,2026-02-13 19:22:17
617,Trần Thanh Thảo,25,nữ,user_0617@outlook.com,2024-08-10 18:38:17
618,Huỳnh Kim Nhung,30,nữ,user_0618@fpt.edu.vn,2026-01-01 16:23:17
619,Nguyễn Tuấn Việt,32,nam,user_0619@yahoo.com,2024-09-14 04:06:17
620,Bùi Thị Vy,20,nữ,user_0620@yahoo.com,2024-10-23 20:54:17
621,Lý Diệu Hoa,23,nữ,user_0621@gmail.com,2026-03-10 09:39:17
622,Nguyễn Kim Oanh,26,nữ,user_0622@outlook.com,2026-02-21 01:17:17
623,Vũ Gia Quân,21,nam,user_0623@outlook.com,2025-10-22 16:07:17
624,Lê Phương Hoa,24,nữ,user_0624@fpt.edu.vn,2024-10-13 13:53:17
625,Dương Ngọc Dung,36,nữ,user_0625@icloud.com,2024-10-17 23:14:17
626,Võ Công Dũng,27,nam,user_0626@fpt.edu.vn,2025-01-31 04:09:17
627,Huỳnh Văn Khang,18,nam,user_0627@yahoo.com,2024-07-28 13:19:17
628,Đặng Hữu Sơn,45,nam,user_0628@fpt.edu.vn,2024-10-09 22:55:17
629,Phan Kim Oanh,46,nữ,user_0629@icloud.com,2025-01-31 11:49:17
630,Ngô Gia Quân,37,nam,user_0630@fpt.edu.vn,2026-02-16 21:38:17
631,Phan Hồng My,37,nữ,user_0631@outlook.com,2024-11-06 21:11:17
632,Vũ Hữu Long,34,nam,user_0632@fpt.edu.vn,2026-04-17 02:44:17
633,Nguyễn Khắc Khoa,32,nam,user_0633@gmail.com,2025-12-15 08:27:17
634,Trần Khắc An,48,nam,user_0634@fpt.edu.vn,2025-04-04 04:07:17
635,Phạm Hữu Nam,18,nam,user_0635@outlook.com,2026-04-26 22:03:17
636,Phạm Xuân Thắng,33,nam,user_0636@fpt.edu.vn,2025-02-09 13:27:17
637,Bùi Phương My,24,nữ,user_0637@outlook.com,2024-08-27 23:49:17
638,Phan Tuấn Phúc,21,nam,user_0638@yahoo.com,2025-08-03 08:11:17
639,Đặng Ngọc Linh,49,nữ,user_0639@icloud.com,2025-08-02 02:39:17
640,Hồ Đức Khang,38,nam,user_0640@icloud.com,2025-09-23 16:50:17
641,Phạm Bích Thảo,53,nữ,user_0641@icloud.com,2025-09-18 05:33:17
642,Bùi Tuấn Huy,32,nam,user_0642@gmail.com,2024-06-30 17:52:17
643,Đỗ Thanh Ly,45,nữ,user_0643@yahoo.com,2024-11-04 09:28:17
644,Hoàng Kim Hoa,44,nữ,user_0644@icloud.com,2024-07-25 19:04:17
645,Trần Thị Hà,36,nữ,user_0645@gmail.com,2024-08-14 07:12:17
646,Phạm Minh Huy,48,nam,user_0646@fpt.edu.vn,2024-11-18 18:15:17
647,Đặng Mỹ Chi,43,nữ,user_0647@outlook.com,2024-10-13 11:11:17
648,Lê Bích Nhung,37,nữ,user_0648@fpt.edu.vn,2024-12-04 12:57:17
649,Hoàng Quỳnh Trang,22,nữ,user_0649@fpt.edu.vn,2025-12-14 20:08:17
650,Vũ Thanh Yến,31,nữ,user_0650@fpt.edu.vn,2024-12-12 13:55:17
651,Đỗ Minh Thắng,45,nam,user_0651@fpt.edu.vn,2025-03-02 15:40:17
652,Dương Gia Nam,21,nam,user_0652@outlook.com,2025-03-22 15:11:17
653,Đỗ Đức Nam,46,nam,user_0653@yahoo.com,2024-08-18 19:50:17
654,Ngô Thanh Trang,41,nữ,user_0654@yahoo.com,2025-10-22 20:22:17
655,Trần Xuân Sơn,20,nam,user_0655@icloud.com,2026-02-22 11:38:17
656,Trần Bích Yến,27,nữ,user_0656@gmail.com,2025-01-07 23:54:17
657,Dương Thị Nhung,21,nữ,user_0657@yahoo.com,2026-01-20 14:28:17
658,Ngô Quang Sơn,20,nam,user_0658@outlook.com,2025-03-07 09:12:17
659,Vũ Ngọc Vy,22,nữ,user_0659@fpt.edu.vn,2024-06-25 16:55:17
660,Đỗ Ngọc Hà,45,nữ,user_0660@yahoo.com,2025-10-27 14:20:17
661,Bùi Đức Việt,52,nam,user_0661@outlook.com,2026-06-20 23:00:17
662,Bùi Tuấn Long,23,nam,user_0662@icloud.com,2025-06-03 03:40:17
663,Hồ Khắc Việt,26,nam,user_0663@icloud.com,2025-03-14 10:50:17
664,Bùi Đức Cường,24,nam,user_0664@yahoo.com,2025-06-06 20:31:17
665,Võ Gia Khoa,26,nam,user_0665@gmail.com,2025-08-23 02:23:17
666,Đặng Hữu Phúc,41,nam,user_0666@icloud.com,2025-05-20 23:58:17
667,Võ Thanh Chi,45,nữ,user_0667@icloud.com,2025-12-20 23:16:17
668,Vũ Ngọc My,55,nữ,user_0668@outlook.com,2025-08-27 23:28:17
669,Bùi Mai Ly,35,nữ,user_0669@gmail.com,2025-10-04 12:12:17
670,Nguyễn Diệu Ly,54,nữ,user_0670@yahoo.com,2026-04-01 03:59:17
671,Hồ Minh Long,26,nam,user_0671@gmail.com,2024-10-26 18:21:17
672,Đỗ Kim Tiên,47,nữ,user_0672@yahoo.com,2024-11-29 18:40:17
673,Lý Ngọc Trang,45,nữ,user_0673@icloud.com,2025-02-12 23:14:17
674,Bùi Bích Anh,29,nữ,user_0674@outlook.com,2025-07-22 16:31:17
675,Phạm Mai Yến,38,nữ,user_0675@icloud.com,2025-10-28 14:31:17
676,Hồ Minh Phong,54,nam,user_0676@outlook.com,2025-05-27 10:03:17
677,Hoàng Văn Bình,45,nam,user_0677@fpt.edu.vn,2026-03-09 07:42:17
678,Nguyễn Mỹ My,54,nữ,user_0678@outlook.com,2024-11-26 14:10:17
679,Võ Quang Khoa,42,nam,user_0679@fpt.edu.vn,2025-10-01 00:35:17
680,Bùi Thị Dung,41,nữ,user_0680@gmail.com,2025-11-23 14:36:17
681,Đỗ Mai Anh,53,nữ,user_0681@outlook.com,2025-04-09 12:48:17
682,Trần Văn Dũng,34,nam,user_0682@outlook.com,2025-02-15 12:13:17
683,Lý Thanh Dung,31,nữ,user_0683@yahoo.com,2025-09-21 02:38:17
684,Huỳnh Mỹ Thảo,23,nữ,user_0684@yahoo.com,2024-11-03 08:07:17
685,Phan Văn Phúc,52,nam,user_0685@icloud.com,2025-07-23 07:36:17
686,Trần Tuấn Phúc,27,nam,user_0686@icloud.com,2024-11-07 17:48:17
687,Vũ Hữu Sơn,46,nam,user_0687@icloud.com,2025-06-03 08:39:17
688,Đặng Thị My,51,nữ,user_0688@outlook.com,2025-06-24 18:11:17
689,Nguyễn Mai Oanh,20,nữ,user_0689@icloud.com,2025-09-04 18:19:17
690,Lê Công Phong,39,nam,user_0690@fpt.edu.vn,2024-10-05 23:43:17
691,Bùi Đức Khoa,46,nam,user_0691@yahoo.com,2026-01-03 12:01:17
692,Đỗ Công Huy,40,nam,user_0692@outlook.com,2025-05-05 23:44:17
693,Ngô Hồng Chi,26,nữ,user_0693@gmail.com,2025-08-15 15:18:17
694,Ngô Thị Ly,49,nữ,user_0694@yahoo.com,2026-03-27 11:07:17
695,Lê Công Bình,21,nam,user_0695@outlook.com,2024-09-11 10:55:17
696,Đặng Xuân Phúc,21,nam,user_0696@icloud.com,2025-05-07 14:01:17
697,Vũ Khắc Thắng,44,nam,user_0697@icloud.com,2025-10-26 14:07:17
698,Võ Kim Tiên,23,nữ,user_0698@fpt.edu.vn,2025-09-19 01:55:17
699,Nguyễn Hồng Tiên,22,nữ,user_0699@yahoo.com,2025-01-07 02:29:17
700,Lê Văn Phong,39,nam,user_0700@yahoo.com,2025-04-13 04:24:17
701,Hồ Bích Anh,39,nữ,user_0701@gmail.com,2024-10-16 05:08:17
702,Võ Thu Lan,53,nữ,user_0702@fpt.edu.vn,2025-09-30 03:55:17
703,Đỗ Thanh Linh,36,nữ,user_0703@icloud.com,2025-04-25 15:11:17
704,Võ Bích Trang,22,nữ,user_0704@icloud.com,2026-05-08 04:32:17
705,Lý Phương Tiên,55,nữ,user_0705@outlook.com,2025-07-02 08:47:17
706,Võ Quang Phúc,20,nam,user_0706@icloud.com,2024-07-19 12:41:17
707,Đỗ Mai Hoa,45,nữ,user_0707@yahoo.com,2025-08-04 14:04:17
708,Phạm Hữu Huy,19,nam,user_0708@fpt.edu.vn,2025-02-23 22:56:17
709,Nguyễn Xuân Nam,32,nam,user_0709@gmail.com,2025-01-02 23:13:17
710,Lê Phương Thảo,28,nữ,user_0710@icloud.com,2024-10-12 13:32:17
711,Hoàng Văn Việt,44,nam,user_0711@gmail.com,2024-08-11 01:06:17
712,Hồ Mai Thảo,39,nữ,user_0712@outlook.com,2025-02-22 06:13:17
713,Hồ Quang Nam,54,nam,user_0713@yahoo.com,2025-05-03 10:58:17
714,Vũ Diệu Yến,21,nữ,user_0714@yahoo.com,2025-01-28 21:49:17
715,Đặng Xuân An,48,nam,user_0715@outlook.com,2025-05-25 07:00:17
716,Phạm Xuân Khang,41,nam,user_0716@icloud.com,2024-11-14 06:26:17
717,Phạm Minh Phong,54,nam,user_0717@outlook.com,2026-04-21 05:17:17
718,Đỗ Thu Chi,54,nữ,user_0718@outlook.com,2024-10-28 17:25:17
719,Lê Thế An,53,nam,user_0719@icloud.com,2025-07-19 15:59:17
720,Hoàng Xuân Long,53,nam,user_0720@icloud.com,2026-04-15 08:50:17
721,Vũ Thu Linh,27,nữ,user_0721@yahoo.com,2026-04-13 04:57:17
722,Võ Diệu Anh,44,nữ,user_0722@gmail.com,2025-06-24 03:54:17
723,Võ Ngọc Nhung,30,nữ,user_0723@fpt.edu.vn,2024-10-15 14:38:17
724,Hoàng Mai Hà,18,nữ,user_0724@outlook.com,2025-07-19 17:55:17
725,Lý Thế Long,28,nam,user_0725@icloud.com,2024-09-30 00:22:17
726,Trần Mỹ Tiên,43,nữ,user_0726@gmail.com,2026-01-28 21:24:17
727,Võ Tuấn Cường,45,nam,user_0727@yahoo.com,2025-01-19 23:27:17
728,Hoàng Thanh Trang,43,nữ,user_0728@outlook.com,2025-08-31 03:51:17
729,Đặng Công Bình,23,nam,user_0729@gmail.com,2025-08-30 17:07:17
730,Hồ Bích Vy,22,nữ,user_0730@outlook.com,2024-07-18 05:45:17
731,Đặng Hải Sơn,50,nam,user_0731@gmail.com,2025-08-28 23:04:17
732,Lê Quỳnh Lan,22,nữ,user_0732@fpt.edu.vn,2025-02-27 06:48:17
733,Ngô Hữu Bình,31,nam,user_0733@fpt.edu.vn,2025-11-05 05:49:17
734,Đỗ Hồng Yến,42,nữ,user_0734@yahoo.com,2026-05-01 20:34:17
735,Nguyễn Văn Cường,27,nam,user_0735@fpt.edu.vn,2025-04-25 20:30:17
736,Đặng Ngọc My,53,nữ,user_0736@fpt.edu.vn,2024-09-26 23:00:17
737,Nguyễn Thế Việt,29,nam,user_0737@fpt.edu.vn,2025-11-13 18:45:17
738,Hoàng Công Phúc,43,nam,user_0738@fpt.edu.vn,2025-04-30 19:11:17
739,Hồ Thanh Nhung,28,nữ,user_0739@icloud.com,2025-06-20 09:42:17
740,Đỗ Mỹ Ly,36,nữ,user_0740@yahoo.com,2024-09-16 12:50:17
741,Nguyễn Gia Long,27,nam,user_0741@gmail.com,2025-03-18 21:59:17
742,Huỳnh Gia Khoa,25,nam,user_0742@fpt.edu.vn,2025-12-28 08:12:17
743,Phạm Quỳnh Ly,29,nữ,user_0743@icloud.com,2024-07-28 02:38:17
744,Nguyễn Phương Chi,51,nữ,user_0744@icloud.com,2024-07-05 10:07:17
745,Đặng Tuấn Long,51,nam,user_0745@yahoo.com,2025-11-10 19:26:17
746,Dương Mai Dung,46,nữ,user_0746@outlook.com,2024-12-26 06:45:17
747,Huỳnh Phương My,35,nữ,user_0747@yahoo.com,2024-10-23 11:32:17
748,Trần Văn Long,53,nam,user_0748@yahoo.com,2025-03-10 18:57:17
749,Huỳnh Phương Anh,39,nữ,user_0749@fpt.edu.vn,2025-10-04 20:19:17
750,Nguyễn Phương Nhung,30,nữ,user_0750@yahoo.com,2024-11-26 13:10:17
751,Đỗ Thế Sơn,29,nam,user_0751@gmail.com,2025-12-24 01:08:17
752,Phan Thế Nam,51,nam,user_0752@icloud.com,2025-11-21 12:18:17
753,Hồ Phương Linh,23,nữ,user_0753@outlook.com,2026-03-31 15:45:17
754,Đặng Mỹ Anh,31,nữ,user_0754@icloud.com,2025-01-16 03:55:17
755,Đặng Thanh Oanh,44,nữ,user_0755@gmail.com,2025-10-22 22:39:17
756,Phạm Diệu Tiên,28,nữ,user_0756@icloud.com,2025-03-13 04:48:17
757,Phan Hồng My,48,nữ,user_0757@gmail.com,2025-04-11 20:58:17
758,Huỳnh Thanh Hoa,28,nữ,user_0758@yahoo.com,2025-03-31 02:17:17
759,Võ Mai Anh,24,nữ,user_0759@icloud.com,2025-03-29 14:17:17
760,Lê Quỳnh Vy,46,nữ,user_0760@yahoo.com,2025-12-21 17:21:17
761,Hoàng Văn Bình,28,nam,user_0761@fpt.edu.vn,2026-03-15 23:59:17
762,Trần Khắc Dũng,34,nam,user_0762@gmail.com,2024-07-02 03:22:17
763,Phan Thị Thảo,25,nữ,user_0763@icloud.com,2024-09-21 14:47:17
764,Võ Mai Hà,43,nữ,user_0764@fpt.edu.vn,2024-09-21 03:07:17
765,Hoàng Thị Thảo,23,nữ,user_0765@fpt.edu.vn,2025-11-07 20:28:17
766,Hồ Phương Trang,30,nữ,user_0766@fpt.edu.vn,2026-05-07 02:28:17
767,Nguyễn Thanh Hà,23,nữ,user_0767@icloud.com,2026-05-14 09:39:17
768,Lý Minh Cường,33,nam,user_0768@icloud.com,2025-05-14 02:58:17
769,Võ Mỹ Linh,18,nữ,user_0769@gmail.com,2024-11-07 22:06:17
770,Võ Văn Dũng,26,nam,user_0770@outlook.com,2024-07-09 12:56:17
771,Dương Công Thắng,24,nam,user_0771@icloud.com,2024-12-19 12:02:17
772,Lê Mai Chi,22,nữ,user_0772@fpt.edu.vn,2024-09-22 00:24:17
773,Đỗ Quang Thắng,53,nam,user_0773@yahoo.com,2026-04-01 13:13:17
774,Trần Thanh Lan,23,nữ,user_0774@gmail.com,2025-10-22 17:27:17
775,Vũ Xuân Tuấn,22,nam,user_0775@gmail.com,2026-03-23 04:13:17
776,Vũ Tuấn Quân,29,nam,user_0776@yahoo.com,2025-04-12 06:57:17
777,Lê Diệu Oanh,40,nữ,user_0777@outlook.com,2026-06-18 01:55:17
778,Lý Bích Ly,47,nữ,user_0778@icloud.com,2024-07-31 16:38:17
779,Đỗ Khắc Nam,46,nam,user_0779@icloud.com,2026-03-17 12:41:17
780,Vũ Thế Việt,24,nam,user_0780@icloud.com,2024-10-22 03:02:17
781,Hồ Quỳnh Lan,43,nữ,user_0781@outlook.com,2025-01-30 16:03:17
782,Ngô Thị Hoa,38,nữ,user_0782@outlook.com,2025-05-11 10:46:17
783,Ngô Tuấn Huy,33,nam,user_0783@outlook.com,2025-02-21 03:57:17
784,Phạm Quỳnh Nhung,25,nữ,user_0784@yahoo.com,2024-09-19 20:28:17
785,Dương Hồng Chi,48,nữ,user_0785@fpt.edu.vn,2026-03-09 04:02:17
786,Phạm Minh Thắng,36,nam,user_0786@gmail.com,2026-03-21 10:00:17
787,Đỗ Diệu Hà,23,nữ,user_0787@icloud.com,2025-12-29 14:10:17
788,Nguyễn Thế Sơn,33,nam,user_0788@outlook.com,2024-08-15 23:42:17
789,Hoàng Hồng Trang,52,nữ,user_0789@yahoo.com,2024-12-19 17:14:17
790,Phạm Thế Khoa,39,nam,user_0790@fpt.edu.vn,2025-02-16 16:59:17
791,Ngô Kim Chi,43,nữ,user_0791@outlook.com,2025-02-22 15:39:17
792,Hoàng Gia Tuấn,26,nam,user_0792@outlook.com,2024-07-08 05:25:17
793,Hoàng Kim Chi,36,nữ,user_0793@gmail.com,2026-05-26 04:24:17
794,Bùi Ngọc Chi,39,nữ,user_0794@fpt.edu.vn,2024-09-15 01:27:17
795,Hồ Mai Lan,39,nữ,user_0795@fpt.edu.vn,2025-09-30 12:01:17
796,Lê Kim Hà,28,nữ,user_0796@fpt.edu.vn,2024-11-03 05:26:17
797,Hoàng Thế Huy,20,nam,user_0797@icloud.com,2024-07-31 02:16:17
798,Lý Mai Nhung,51,nữ,user_0798@yahoo.com,2026-04-02 16:25:17
799,Dương Thu Trang,35,nữ,user_0799@gmail.com,2024-12-03 21:13:17
800,Lê Hữu Bình,38,nam,user_0800@fpt.edu.vn,2026-01-09 17:14:17
801,Phan Phương Hoa,29,nữ,user_0801@fpt.edu.vn,2024-10-02 02:46:17
802,Bùi Gia Việt,43,nam,user_0802@gmail.com,2025-11-14 03:06:17
803,Huỳnh Hải Khoa,30,nam,user_0803@gmail.com,2024-12-08 15:32:17
804,Huỳnh Gia An,31,nam,user_0804@outlook.com,2025-07-01 14:13:17
805,Phạm Xuân Dũng,26,nam,user_0805@icloud.com,2025-05-22 07:54:17
806,Trần Quang Phúc,36,nam,user_0806@yahoo.com,2026-03-29 20:34:17
807,Trần Kim Yến,31,nữ,user_0807@icloud.com,2025-04-11 15:39:17
808,Đặng Gia Nam,43,nam,user_0808@gmail.com,2025-11-16 20:19:17
809,Nguyễn Thu My,45,nữ,user_0809@yahoo.com,2024-09-09 14:10:17
810,Dương Mỹ Anh,47,nữ,user_0810@gmail.com,2024-07-19 12:15:17
811,Huỳnh Khắc Khoa,47,nam,user_0811@icloud.com,2025-11-27 14:40:17
812,Hồ Minh Long,29,nam,user_0812@icloud.com,2024-09-10 04:49:17
813,Trần Tuấn Dũng,23,nam,user_0813@yahoo.com,2026-04-08 17:37:17
814,Nguyễn Thị Anh,32,nữ,user_0814@fpt.edu.vn,2025-06-04 11:17:17
815,Lê Thị Oanh,18,nữ,user_0815@icloud.com,2025-09-17 15:21:17
816,Huỳnh Kim Hoa,53,nữ,user_0816@gmail.com,2024-12-23 03:05:17
817,Vũ Ngọc Yến,28,nữ,user_0817@outlook.com,2026-01-06 01:31:17
818,Đặng Hồng Anh,47,nữ,user_0818@icloud.com,2024-09-20 05:16:17
819,Ngô Văn Khang,38,nam,user_0819@outlook.com,2025-08-10 13:31:17
820,Bùi Văn Phong,26,nam,user_0820@yahoo.com,2024-10-26 23:21:17
821,Ngô Ngọc Vy,20,nữ,user_0821@outlook.com,2025-01-11 02:14:17
822,Đặng Đức An,22,nam,user_0822@yahoo.com,2025-04-01 20:51:17
823,Hồ Phương Trang,42,nữ,user_0823@fpt.edu.vn,2024-08-16 11:54:17
824,Bùi Kim Yến,22,nữ,user_0824@gmail.com,2026-01-24 14:20:17
825,Nguyễn Thanh Hà,43,nữ,user_0825@yahoo.com,2025-10-02 23:29:17
826,Võ Ngọc Trang,48,nữ,user_0826@outlook.com,2024-09-07 14:59:17
827,Hồ Thị Ly,46,nữ,user_0827@gmail.com,2024-09-05 12:16:17
828,Đặng Mai Trang,40,nữ,user_0828@icloud.com,2024-09-27 18:25:17
829,Dương Minh Bình,50,nam,user_0829@fpt.edu.vn,2024-11-26 01:44:17
830,Phạm Kim Nhung,54,nữ,user_0830@fpt.edu.vn,2025-02-28 10:30:17
831,Bùi Công Sơn,40,nam,user_0831@yahoo.com,2025-08-12 11:45:17
832,Huỳnh Đức Nam,21,nam,user_0832@outlook.com,2024-12-10 09:23:17
833,Đặng Diệu Vy,47,nữ,user_0833@icloud.com,2026-01-13 08:57:17
834,Đặng Xuân Phúc,55,nam,user_0834@gmail.com,2026-05-31 01:26:17
835,Hồ Diệu Thảo,27,nữ,user_0835@outlook.com,2025-09-01 00:57:17
836,Ngô Quỳnh Nhung,49,nữ,user_0836@fpt.edu.vn,2025-07-31 06:13:17
837,Hoàng Thu Ly,19,nữ,user_0837@yahoo.com,2026-01-09 10:01:17
838,Phạm Thu Oanh,30,nữ,user_0838@gmail.com,2026-01-06 13:17:17
839,Nguyễn Phương Yến,40,nữ,user_0839@icloud.com,2025-06-20 14:08:17
840,Võ Khắc Bình,39,nam,user_0840@gmail.com,2026-03-21 12:43:17
841,Dương Khắc Khang,25,nam,user_0841@yahoo.com,2025-03-04 02:04:17
842,Trần Gia Nam,35,nam,user_0842@outlook.com,2026-05-13 15:43:17
843,Phan Phương Chi,51,nữ,user_0843@outlook.com,2025-01-20 19:42:17
844,Dương Hồng Yến,49,nữ,user_0844@gmail.com,2025-12-08 19:40:17
845,Hoàng Hữu Long,33,nam,user_0845@gmail.com,2026-02-03 16:55:17
846,Hoàng Đức An,53,nam,user_0846@outlook.com,2024-08-22 17:10:17
847,Phạm Thị Lan,55,nữ,user_0847@icloud.com,2025-01-07 05:24:17
848,Bùi Bích Ly,31,nữ,user_0848@yahoo.com,2025-07-29 16:03:17
849,Huỳnh Khắc Sơn,51,nam,user_0849@outlook.com,2026-02-08 12:54:17
850,Lê Tuấn Sơn,26,nam,user_0850@outlook.com,2024-12-19 08:02:17
851,Dương Hồng Ly,50,nữ,user_0851@gmail.com,2025-05-16 00:57:17
852,Đỗ Khắc Thắng,22,nam,user_0852@gmail.com,2025-03-13 04:49:17
853,Huỳnh Ngọc Trang,53,nữ,user_0853@icloud.com,2024-07-08 13:58:17
854,Vũ Khắc Long,20,nam,user_0854@fpt.edu.vn,2025-05-04 11:45:17
855,Nguyễn Thanh Hoa,33,nữ,user_0855@gmail.com,2025-02-22 00:50:17
856,Phạm Hồng Chi,18,nữ,user_0856@outlook.com,2025-03-12 19:26:17
857,Đặng Mỹ Thảo,47,nữ,user_0857@yahoo.com,2026-03-30 07:55:17
858,Đỗ Thu Tiên,28,nữ,user_0858@yahoo.com,2024-12-20 08:01:17
859,Nguyễn Gia Bình,35,nam,user_0859@outlook.com,2024-12-06 17:18:17
860,Bùi Gia Tuấn,29,nam,user_0860@yahoo.com,2026-04-08 00:58:17
861,Đặng Ngọc Ly,43,nữ,user_0861@yahoo.com,2025-04-08 07:21:17
862,Dương Thế Nam,18,nam,user_0862@outlook.com,2025-02-22 04:34:17
863,Phan Mai Yến,51,nữ,user_0863@fpt.edu.vn,2025-10-30 19:44:17
864,Đặng Gia An,51,nam,user_0864@yahoo.com,2024-11-24 06:32:17
865,Ngô Văn Phong,26,nam,user_0865@icloud.com,2026-03-20 10:56:17
866,Võ Tuấn Việt,33,nam,user_0866@icloud.com,2024-09-18 21:26:17
867,Võ Thế Huy,48,nam,user_0867@yahoo.com,2024-07-01 16:25:17
868,Ngô Diệu Ly,20,nữ,user_0868@yahoo.com,2024-10-05 11:23:17
869,Lê Quỳnh Yến,53,nữ,user_0869@fpt.edu.vn,2024-08-12 04:53:17
870,Vũ Thanh Chi,24,nữ,user_0870@yahoo.com,2025-02-21 02:47:17
871,Trần Hải Dũng,42,nam,user_0871@fpt.edu.vn,2024-07-30 05:43:17
872,Bùi Ngọc Dung,47,nữ,user_0872@icloud.com,2024-10-20 20:11:17
873,Ngô Mai Ly,21,nữ,user_0873@gmail.com,2025-06-12 19:45:17
874,Hồ Minh An,34,nam,user_0874@yahoo.com,2025-05-16 06:44:17
875,Phạm Quỳnh Thảo,44,nữ,user_0875@gmail.com,2025-10-10 02:40:17
876,Nguyễn Mai Linh,27,nữ,user_0876@icloud.com,2024-07-20 16:45:17
877,Ngô Thu Yến,49,nữ,user_0877@outlook.com,2025-09-14 23:49:17
878,Phạm Quang Phúc,38,nam,user_0878@yahoo.com,2026-03-08 00:59:17
879,Dương Quang Tuấn,34,nam,user_0879@gmail.com,2024-12-17 06:50:17
880,Hồ Phương Thảo,32,nữ,user_0880@yahoo.com,2024-09-03 02:15:17
881,Ngô Tuấn Phong,55,nam,user_0881@fpt.edu.vn,2026-06-09 03:25:17
882,Vũ Hữu Tuấn,52,nam,user_0882@icloud.com,2024-12-21 01:50:17
883,Phạm Văn Sơn,25,nam,user_0883@gmail.com,2024-09-06 10:38:17
884,Hồ Xuân Bình,39,nam,user_0884@yahoo.com,2025-06-08 22:21:17
885,Võ Ngọc Lan,30,nữ,user_0885@yahoo.com,2025-03-31 15:04:17
886,Phan Hồng Trang,55,nữ,user_0886@gmail.com,2026-05-11 19:04:17
887,Vũ Diệu Nhung,27,nữ,user_0887@gmail.com,2024-07-12 01:28:17
888,Hồ Hải Khoa,36,nam,user_0888@fpt.edu.vn,2025-02-25 11:50:17
889,Lý Minh Bình,40,nam,user_0889@icloud.com,2025-09-19 16:45:17
890,Trần Bích Nhung,53,nữ,user_0890@outlook.com,2026-06-15 14:26:17
891,Đỗ Bích Thảo,27,nữ,user_0891@fpt.edu.vn,2024-10-30 10:21:17
892,Lê Mai Lan,50,nữ,user_0892@outlook.com,2024-07-01 08:38:17
893,Hoàng Quang Quân,46,nam,user_0893@icloud.com,2025-11-18 08:10:17
894,Vũ Hồng Chi,32,nữ,user_0894@gmail.com,2025-01-12 13:30:17
895,Phạm Phương Yến,24,nữ,user_0895@gmail.com,2025-05-21 04:32:17
896,Phan Xuân Tuấn,38,nam,user_0896@outlook.com,2026-05-30 19:16:17
897,Đặng Tuấn Bình,45,nam,user_0897@icloud.com,2026-02-26 07:38:17
898,Huỳnh Đức Khoa,20,nam,user_0898@outlook.com,2024-06-22 13:42:17
899,Bùi Kim Dung,22,nữ,user_0899@gmail.com,2025-07-08 21:43:17
900,Bùi Đức Nam,36,nam,user_0900@gmail.com,2024-12-06 21:32:17
901,Dương Văn Tuấn,41,nam,user_0901@outlook.com,2024-11-06 06:14:17
902,Võ Khắc Phong,54,nam,user_0902@gmail.com,2025-06-08 08:43:17
903,Hoàng Phương Lan,27,nữ,user_0903@gmail.com,2025-06-01 13:24:17
904,Huỳnh Mỹ Linh,45,nữ,user_0904@outlook.com,2025-03-28 18:20:17
905,Trần Bích Ly,25,nữ,user_0905@fpt.edu.vn,2024-06-26 12:35:17
906,Phan Diệu Linh,29,nữ,user_0906@outlook.com,2025-07-24 20:20:17
907,Ngô Mai Oanh,55,nữ,user_0907@outlook.com,2025-05-13 20:31:17
908,Lê Mỹ Trang,51,nữ,user_0908@yahoo.com,2024-11-17 18:03:17
909,Huỳnh Hồng My,23,nữ,user_0909@outlook.com,2026-04-04 05:49:17
910,Lý Thị Thảo,30,nữ,user_0910@fpt.edu.vn,2025-05-17 01:49:17
911,Hồ Công Khang,30,nam,user_0911@gmail.com,2024-10-24 07:07:17
912,Trần Kim Thảo,36,nữ,user_0912@outlook.com,2025-09-13 09:35:17
913,Lê Mỹ Ly,48,nữ,user_0913@yahoo.com,2025-11-02 16:40:17
914,Huỳnh Đức Sơn,36,nam,user_0914@fpt.edu.vn,2025-01-15 16:27:17
915,Lê Hải Sơn,22,nam,user_0915@gmail.com,2024-11-26 05:37:17
916,Đỗ Xuân Huy,45,nam,user_0916@gmail.com,2025-11-12 10:53:17
917,Bùi Gia Phúc,35,nam,user_0917@outlook.com,2025-05-07 07:02:17
918,Nguyễn Thị Oanh,49,nữ,user_0918@gmail.com,2025-01-21 20:31:17
919,Đặng Hữu An,54,nam,user_0919@outlook.com,2024-07-20 08:37:17
920,Võ Bích My,42,nữ,user_0920@gmail.com,2025-07-09 04:57:17
921,Võ Mai Ly,24,nữ,user_0921@icloud.com,2024-06-25 02:14:17
922,Hoàng Thế Bình,34,nam,user_0922@gmail.com,2024-09-12 04:26:17
923,Bùi Thị Oanh,47,nữ,user_0923@gmail.com,2025-03-01 21:28:17
924,Lý Hải Nam,20,nam,user_0924@outlook.com,2024-12-02 16:47:17
925,Vũ Mai Lan,44,nữ,user_0925@outlook.com,2025-06-05 13:42:17
926,Lý Kim Linh,34,nữ,user_0926@gmail.com,2024-08-18 22:12:17
927,Dương Phương My,39,nữ,user_0927@fpt.edu.vn,2024-08-18 06:10:17
928,Võ Quang Bình,43,nam,user_0928@gmail.com,2026-05-22 23:15:17
929,Huỳnh Quỳnh Oanh,51,nữ,user_0929@outlook.com,2026-05-14 23:50:17
930,Huỳnh Mỹ Oanh,42,nữ,user_0930@outlook.com,2024-08-01 19:28:17
931,Ngô Thị Yến,53,nữ,user_0931@yahoo.com,2026-04-09 22:55:17
932,Nguyễn Quang Sơn,33,nam,user_0932@yahoo.com,2025-10-16 13:46:17
933,Phạm Thị My,22,nữ,user_0933@yahoo.com,2024-08-25 08:44:17
934,Hồ Công Bình,51,nam,user_0934@fpt.edu.vn,2025-01-10 09:02:17
935,Huỳnh Bích Ly,36,nữ,user_0935@outlook.com,2025-06-21 07:40:17
936,Trần Phương Hoa,42,nữ,user_0936@fpt.edu.vn,2025-07-28 20:27:17
937,Lý Hữu Quân,47,nam,user_0937@fpt.edu.vn,2026-02-07 02:19:17
938,Hoàng Thanh Vy,37,nữ,user_0938@outlook.com,2025-05-29 05:28:17
939,Trần Mỹ Thảo,29,nữ,user_0939@outlook.com,2025-12-20 11:42:17
940,Trần Quang Việt,26,nam,user_0940@yahoo.com,2024-10-12 22:23:17
941,Phan Quỳnh Chi,48,nữ,user_0941@outlook.com,2025-04-06 21:01:17
942,Huỳnh Minh Quân,40,nam,user_0942@gmail.com,2024-10-13 21:00:17
943,Hồ Bích Chi,42,nữ,user_0943@outlook.com,2025-07-04 13:16:17
944,Ngô Văn Phúc,38,nam,user_0944@icloud.com,2025-06-03 23:19:17
945,Võ Hải Long,22,nam,user_0945@fpt.edu.vn,2025-04-26 22:31:17
946,Trần Kim Hà,48,nữ,user_0946@yahoo.com,2025-09-18 01:45:17
947,Bùi Thu Linh,24,nữ,user_0947@gmail.com,2025-11-13 21:06:17
948,Đặng Xuân Nam,49,nam,user_0948@icloud.com,2025-05-18 04:34:17
949,Bùi Quang Dũng,23,nam,user_0949@icloud.com,2025-08-24 01:40:17
950,Hồ Ngọc Ly,34,nữ,user_0950@yahoo.com,2026-05-18 04:04:17
951,Vũ Quỳnh Linh,49,nữ,user_0951@icloud.com,2024-11-27 20:41:17
952,Lý Ngọc Nhung,45,nữ,user_0952@fpt.edu.vn,2026-04-02 10:09:17
953,Võ Minh Sơn,31,nam,user_0953@gmail.com,2024-11-27 11:52:17
954,Võ Bích My,35,nữ,user_0954@outlook.com,2024-09-04 17:54:17
955,Hoàng Bích Hoa,32,nữ,user_0955@gmail.com,2024-09-06 17:03:17
956,Phan Văn Thắng,31,nam,user_0956@yahoo.com,2024-11-05 00:43:17
957,Nguyễn Công Khang,44,nam,user_0957@gmail.com,2024-08-15 16:38:17
958,Dương Mai Lan,52,nữ,user_0958@fpt.edu.vn,2026-01-18 05:37:17
959,Trần Mỹ Ly,21,nữ,user_0959@yahoo.com,2026-01-26 22:22:17
960,Huỳnh Ngọc Lan,49,nữ,user_0960@fpt.edu.vn,2025-11-19 16:03:17
961,Trần Đức Nam,55,nam,user_0961@icloud.com,2025-10-15 15:44:17
962,Lý Ngọc Anh,35,nữ,user_0962@icloud.com,2025-07-26 19:49:17
963,Vũ Gia Nam,29,nam,user_0963@icloud.com,2026-02-04 13:35:17
964,Phan Thế Tuấn,38,nam,user_0964@icloud.com,2025-09-03 10:14:17
965,Dương Phương Lan,44,nữ,user_0965@icloud.com,2024-11-21 18:09:17
966,Đỗ Mai Nhung,50,nữ,user_0966@outlook.com,2024-10-17 23:51:17
967,Trần Quang Thắng,46,nam,user_0967@gmail.com,2026-04-01 12:41:17
968,Lê Kim Oanh,53,nữ,user_0968@icloud.com,2025-08-06 13:09:17
969,Phan Minh Bình,40,nam,user_0969@yahoo.com,2024-10-24 11:26:17
970,Võ Hải Tuấn,46,nam,user_0970@icloud.com,2024-10-03 21:17:17
971,Ngô Công Quân,44,nam,user_0971@yahoo.com,2025-11-09 13:41:17
972,Dương Quang Phong,25,nam,user_0972@yahoo.com,2025-11-27 07:33:17
973,Hoàng Xuân Quân,46,nam,user_0973@outlook.com,2025-09-02 05:05:17
974,Dương Thế Phong,47,nam,user_0974@yahoo.com,2025-12-13 15:39:17
975,Nguyễn Thu Trang,43,nữ,user_0975@icloud.com,2024-11-22 10:37:17
976,Hồ Bích My,36,nữ,user_0976@outlook.com,2025-12-07 16:45:17
977,Dương Mỹ Anh,49,nữ,user_0977@gmail.com,2025-04-26 09:57:17
978,Phan Văn Thắng,41,nam,user_0978@fpt.edu.vn,2025-09-12 21:41:17
979,Nguyễn Đức Long,51,nam,user_0979@icloud.com,2025-09-15 13:43:17
980,Lê Thu Lan,48,nữ,user_0980@gmail.com,2024-06-22 18:21:17
981,Vũ Ngọc Dung,33,nữ,user_0981@icloud.com,2026-01-23 22:27:17
982,Ngô Văn Long,54,nam,user_0982@gmail.com,2026-04-02 01:46:17
983,Lê Gia An,22,nam,user_0983@outlook.com,2025-04-05 15:24:17
984,Nguyễn Thanh Oanh,51,nữ,user_0984@yahoo.com,2025-09-20 17:21:17
985,Vũ Đức Long,27,nam,user_0985@outlook.com,2026-04-02 02:08:17
986,Dương Hải Long,20,nam,user_0986@icloud.com,2026-02-09 22:26:17
987,Dương Văn Phúc,50,nam,user_0987@yahoo.com,2025-11-25 12:21:17
988,Lý Ngọc My,19,nữ,user_0988@outlook.com,2026-04-21 12:34:17
989,Phạm Thị Lan,44,nữ,user_0989@outlook.com,2024-12-14 16:55:17
990,Hồ Đức An,39,nam,user_0990@gmail.com,2024-07-11 06:58:17
991,Hồ Mai Nhung,52,nữ,user_0991@icloud.com,2025-06-25 15:58:17
992,Đỗ Tuấn Dũng,40,nam,user_0992@icloud.com,2025-03-13 23:42:17
993,Ngô Kim Lan,47,nữ,user_0993@yahoo.com,2025-08-17 02:47:17
994,Bùi Mai My,24,nữ,user_0994@outlook.com,2024-12-06 13:50:17
995,Huỳnh Mai Hà,49,nữ,user_0995@gmail.com,2024-08-21 21:24:17
996,Lê Diệu Vy,53,nữ,user_0996@gmail.com,2026-04-15 22:49:17
997,Phan Quang Bình,26,nam,user_0997@fpt.edu.vn,2024-10-30 20:39:17
998,Võ Quang Phong,18,nam,user_0998@yahoo.com,2026-03-03 04:44:17
999,Dương Quang Tuấn,55,nam,user_0999@yahoo.com,2024-09-03 10:00:17
1000,Huỳnh Thị Dung,55,nữ,user_1000@icloud.com,2025-02-19 15:17:17
